#
# There is insufficient memory for the Java Runtime Environment to continue.
# Native memory allocation (malloc) failed to allocate 1685920 bytes for Chunk::new
# Possible reasons:
#   The system is out of physical RAM or swap space
#   The process is running with CompressedOops enabled, and the Java Heap may be blocking the growth of the native heap
# Possible solutions:
#   Reduce memory load on the system
#   Increase physical memory or swap space
#   Check if swap backing store is full
#   Decrease Java heap size (-Xmx/-Xms)
#   Decrease number of Java threads
#   Decrease Java thread stack sizes (-Xss)
#   Set larger code cache with -XX:ReservedCodeCacheSize=
#   JVM is running with Unscaled Compressed Oops mode in which the Java heap is
#     placed in the first 4GB address space. The Java Heap base address is the
#     maximum limit for the native heap growth. Please use -XX:HeapBaseMinAddress
#     to set the Java Heap base and to place the Java Heap above 4GB virtual address.
# This output file may be truncated or incomplete.
#
#  Out of Memory Error (arena.cpp:168), pid=25360, tid=25812
#
# JRE version: Java(TM) SE Runtime Environment (21.0.8+12) (build 21.0.8+12-LTS-250)
# Java VM: Java HotSpot(TM) 64-Bit Server VM (21.0.8+12-LTS-250, mixed mode, sharing, tiered, compressed oops, compressed class ptrs, g1 gc, windows-amd64)
# No core dump will be written. Minidumps are not enabled by default on client versions of Windows
#

---------------  S U M M A R Y ------------

Command Line: --add-opens=java.base/java.lang=ALL-UNNAMED --add-opens=java.base/java.lang.invoke=ALL-UNNAMED --add-opens=java.base/java.util=ALL-UNNAMED --add-opens=java.prefs/java.util.prefs=ALL-UNNAMED --add-exports=jdk.compiler/com.sun.tools.javac.api=ALL-UNNAMED --add-exports=jdk.compiler/com.sun.tools.javac.util=ALL-UNNAMED --add-opens=java.base/java.util=ALL-UNNAMED --add-opens=java.prefs/java.util.prefs=ALL-UNNAMED --add-opens=java.base/java.nio.charset=ALL-UNNAMED --add-opens=java.base/java.net=ALL-UNNAMED --add-opens=java.base/java.util.concurrent=ALL-UNNAMED --add-opens=java.base/java.util.concurrent.atomic=ALL-UNNAMED --add-opens=java.xml/javax.xml.namespace=ALL-UNNAMED --add-opens=java.base/java.time=ALL-UNNAMED -Xmx2048m -Dfile.encoding=UTF-8 -Duser.country=US -Duser.language=en -Duser.variant -javaagent:C:\Users\Elsobky\.gradle\wrapper\dists\gradle-9.1.0-bin\9agqghryom9wkf8r80qlhnts3\gradle-9.1.0\lib\agents\gradle-instrumentation-agent-9.1.0.jar org.gradle.launcher.daemon.bootstrap.GradleDaemon 9.1.0

Host: AMD Ryzen 7 4800H with Radeon Graphics         , 16 cores, 15G,  Windows 11 , 64 bit Build 26100 (10.0.26100.7724)
Time: Fri Feb  6 01:41:05 2026 Egypt Standard Time elapsed time: 45.905467 seconds (0d 0h 0m 45s)

---------------  T H R E A D  ---------------

Current thread (0x0000021c053ac6c0):  JavaThread "C2 CompilerThread1" daemon [_thread_in_native, id=25812, stack(0x000000f80fc00000,0x000000f80fd00000) (1024K)]


Current CompileTask:
C2:  45905 23666 %     4       org.gradle.internal.instantiation.generator.AbstractClassGenerator::inspectType @ 107 (602 bytes)

Stack: [0x000000f80fc00000,0x000000f80fd00000]
Native frames: (J=compiled Java code, j=interpreted, Vv=VM code, C=native code)
V  [jvm.dll+0x6cc179]
V  [jvm.dll+0x8584c1]
V  [jvm.dll+0x85a9ee]
V  [jvm.dll+0x85b0c3]
V  [jvm.dll+0x27ebf6]
V  [jvm.dll+0xc4f4d]
V  [jvm.dll+0xc5483]
V  [jvm.dll+0x3b6abc]
V  [jvm.dll+0x382a35]
V  [jvm.dll+0x381eaa]
V  [jvm.dll+0x247670]
V  [jvm.dll+0x246c4f]
V  [jvm.dll+0x1c7a3e]
V  [jvm.dll+0x256359]
V  [jvm.dll+0x2548ea]
V  [jvm.dll+0x3efef6]
V  [jvm.dll+0x80279b]
V  [jvm.dll+0x6ca85d]
C  [ucrtbase.dll+0x37b0]
C  [KERNEL32.DLL+0x2e8d7]
C  [ntdll.dll+0x8c48c]


---------------  P R O C E S S  ---------------

Threads class SMR info:
_java_thread_list=0x0000021c10a83110, length=258, elements={
0x0000021c1d07afc0, 0x0000021c3c984ce0, 0x0000021c3c987740, 0x0000021c3c989bd0,
0x0000021c3c98ede0, 0x0000021c3c990550, 0x0000021c3c992ba0, 0x0000021c3c993e60,
0x0000021c3c99a5b0, 0x0000021c3cb3c350, 0x0000021c3cc720e0, 0x0000021c040bf600,
0x0000021c7eddffd0, 0x0000021c0410d1d0, 0x0000021c042a1b70, 0x0000021c0427dfe0,
0x0000021c04460150, 0x0000021c04469bd0, 0x0000021c0446c9c0, 0x0000021c0446a8f0,
0x0000021c0446bca0, 0x0000021c0446c330, 0x0000021c04469540, 0x0000021c0446a260,
0x0000021c06be2190, 0x0000021c06be2820, 0x0000021c06be1b00, 0x0000021c06be2eb0,
0x0000021c06bdfa30, 0x0000021c06be3540, 0x0000021c06be1470, 0x0000021c06be0de0,
0x0000021c06be4260, 0x0000021c06be6330, 0x0000021c04b416d0, 0x0000021c04b444c0,
0x0000021c04b41d60, 0x0000021c04b423f0, 0x0000021c04b42a80, 0x0000021c04b41040,
0x0000021c04b45870, 0x0000021c04b44b50, 0x0000021c04b451e0, 0x0000021c04b45f00,
0x0000021c04b46590, 0x0000021c04b43110, 0x0000021c04b437a0, 0x0000021c04b472b0,
0x0000021c04b43e30, 0x0000021c04b47940, 0x0000021c04b47fd0, 0x0000021c04b48660,
0x0000021c06fd3500, 0x0000021c06fd0da0, 0x0000021c06fd1430, 0x0000021c06fd3b90,
0x0000021c06fd0710, 0x0000021c06fd4f40, 0x0000021c06fd4220, 0x0000021c06fd2e70,
0x0000021c06fd48b0, 0x0000021c06fd1ac0, 0x0000021c06fd2150, 0x0000021c06fd27e0,
0x0000021c06fd5c60, 0x0000021c06fd62f0, 0x0000021c06fd76a0, 0x0000021c06fd7d30,
0x0000021c06fd6980, 0x0000021c06fd7010, 0x0000021c058db6e0, 0x0000021c058d9ca0,
0x0000021c058d9610, 0x0000021c058da330, 0x0000021c058d8f80, 0x0000021c058db050,
0x0000021c058dd120, 0x0000021c058dca90, 0x0000021c058deb60, 0x0000021c09cf9700,
0x0000021c09cf6fa0, 0x0000021c09cf7630, 0x0000021c09cf9070, 0x0000021c09cf7cc0,
0x0000021c09cfaab0, 0x0000021c09cf8350, 0x0000021c06a055c0, 0x0000021c06a07690,
0x0000021c06a062e0, 0x0000021c06a07000, 0x0000021c06a048a0, 0x0000021c06a06970,
0x0000021c06a05c50, 0x0000021c06a07d20, 0x0000021c06a083b0, 0x0000021c06a04f30,
0x0000021c06a090d0, 0x0000021c06a0a480, 0x0000021c053ab250, 0x0000021c053aab80,
0x0000021c06a09760, 0x0000021c06a0b1a0, 0x0000021c06a09df0, 0x0000021c06a0ab10,
0x0000021c06a0b830, 0x0000021c06a0bec0, 0x0000021c09cf6280, 0x0000021c09cf3b20,
0x0000021c09cf3490, 0x0000021c09cf6910, 0x0000021c09cf4840, 0x0000021c09cf41b0,
0x0000021c09cf5560, 0x0000021c09cf5bf0, 0x0000021c09cf89e0, 0x0000021c0a2d08d0,
0x0000021c0a2cf520, 0x0000021c0a2ce170, 0x0000021c0a2ce800, 0x0000021c0a2cfbb0,
0x0000021c0a2d0240, 0x0000021c09167350, 0x0000021c09168700, 0x0000021c091679e0,
0x0000021c09168d90, 0x0000021c09166cc0, 0x0000021c0916a140, 0x0000021c09169420,
0x0000021c09168070, 0x0000021c0916bb80, 0x0000021c0916c210, 0x0000021c0916c8a0,
0x0000021c0916a7d0, 0x0000021c0916ae60, 0x0000021c0916cf30, 0x0000021c0916b4f0,
0x0000021c09169ab0, 0x0000021c0916f690, 0x0000021c091703b0, 0x0000021c09170a40,
0x0000021c0916f000, 0x0000021c0916fd20, 0x0000021c0916e2e0, 0x0000021c0916e970,
0x0000021c0916d5c0, 0x0000021c091710d0, 0x0000021c080b7940, 0x0000021c080b44c0,
0x0000021c080b7fd0, 0x0000021c080b4b50, 0x0000021c080b51e0, 0x0000021c080b5870,
0x0000021c080b8660, 0x0000021c080b9a10, 0x0000021c080b9380, 0x0000021c080ba0a0,
0x0000021c080badc0, 0x0000021c080bce90, 0x0000021c080bb450, 0x0000021c080bbae0,
0x0000021c080bc170, 0x0000021c058df1f0, 0x0000021c080b6590, 0x0000021c080b72b0,
0x0000021c080bdbb0, 0x0000021c080c09a0, 0x0000021c080be8d0, 0x0000021c080bd520,
0x0000021c080c1030, 0x0000021c080c16c0, 0x0000021c080c0310, 0x0000021c080bfc80,
0x0000021c080be240, 0x0000021c080c1d50, 0x0000021c080bef60, 0x0000021c080c2a70,
0x0000021c080c23e0, 0x0000021c080bf5f0, 0x0000021c080c3100, 0x0000021c080c3790,
0x0000021c0a2c9fd0, 0x0000021c0a2cc730, 0x0000021c0a2c92b0, 0x0000021c0a2cba10,
0x0000021c0a2ccdc0, 0x0000021c0a2ca660, 0x0000021c0a2cb380, 0x0000021c0a2c9940,
0x0000021c0a2cacf0, 0x0000021c0a2cee90, 0x0000021c0a2cd450, 0x0000021c0a2cdae0,
0x0000021c091731a0, 0x0000021c09171760, 0x0000021c09174550, 0x0000021c09172b10,
0x0000021c09171df0, 0x0000021c09174be0, 0x0000021c09172480, 0x0000021c09173830,
0x0000021c09175900, 0x0000021c09175270, 0x0000021c09173ec0, 0x0000021c09cfa420,
0x0000021c09cf4ed0, 0x0000021c09cf9d90, 0x0000021c09175f90, 0x0000021c06be0750,
0x0000021c09b8e2d0, 0x0000021c09b8f680, 0x0000021c09b8d5b0, 0x0000021c09b8cf20,
0x0000021c09b8fd10, 0x0000021c09b910c0, 0x0000021c09b8dc40, 0x0000021c09b903a0,
0x0000021c09b91750, 0x0000021c09b90a30, 0x0000021c09b91de0, 0x0000021c09b8e960,
0x0000021c09b92470, 0x0000021c09b8eff0, 0x0000021c09b958f0, 0x0000021c09b92b00,
0x0000021c09b95260, 0x0000021c09b93190, 0x0000021c09b95f80, 0x0000021c09b96610,
0x0000021c09b94bd0, 0x0000021c09b93820, 0x0000021c09b93eb0, 0x0000021c09b98050,
0x0000021c09b9ae40, 0x0000021c09b99a90, 0x0000021c09b98d70, 0x0000021c09b9b4d0,
0x0000021c09b9bb60, 0x0000021c0aeb5c10, 0x0000021c0aeb9720, 0x0000021c0aeb7650,
0x0000021c0aeb8a00, 0x0000021c0aeb7ce0, 0x0000021c0aeb9090, 0x0000021c0aeb62a0,
0x0000021c0aeb9db0, 0x0000021c0aeb6930, 0x0000021c0aeba440, 0x0000021c0aeb6fc0,
0x0000021c0aebaad0, 0x0000021c0ae9c530, 0x0000021c0ae9d250, 0x0000021c0ae9ec90,
0x0000021c0ae9cbc0, 0x0000021c053ac6c0, 0x0000021c053aa4b0, 0x0000021c04c43aa0,
0x0000021c08075a40, 0x0000021c12b64600
}

Java Threads: ( => current thread )
  0x0000021c1d07afc0 JavaThread "main"                              [_thread_blocked, id=27324, stack(0x000000f87e200000,0x000000f87e300000) (1024K)]
  0x0000021c3c984ce0 JavaThread "Reference Handler"          daemon [_thread_blocked, id=3608, stack(0x000000f87ea00000,0x000000f87eb00000) (1024K)]
  0x0000021c3c987740 JavaThread "Finalizer"                  daemon [_thread_blocked, id=18468, stack(0x000000f87eb00000,0x000000f87ec00000) (1024K)]
  0x0000021c3c989bd0 JavaThread "Signal Dispatcher"          daemon [_thread_blocked, id=25580, stack(0x000000f87ec00000,0x000000f87ed00000) (1024K)]
  0x0000021c3c98ede0 JavaThread "Attach Listener"            daemon [_thread_blocked, id=29052, stack(0x000000f87ed00000,0x000000f87ee00000) (1024K)]
  0x0000021c3c990550 JavaThread "Service Thread"             daemon [_thread_blocked, id=12932, stack(0x000000f87ee00000,0x000000f87ef00000) (1024K)]
  0x0000021c3c992ba0 JavaThread "Monitor Deflation Thread"   daemon [_thread_blocked, id=26128, stack(0x000000f87ef00000,0x000000f87f000000) (1024K)]
  0x0000021c3c993e60 JavaThread "C2 CompilerThread0"         daemon [_thread_in_native, id=21088, stack(0x000000f87f000000,0x000000f87f100000) (1024K)]
  0x0000021c3c99a5b0 JavaThread "C1 CompilerThread0"         daemon [_thread_blocked, id=28636, stack(0x000000f87f100000,0x000000f87f200000) (1024K)]
  0x0000021c3cb3c350 JavaThread "Common-Cleaner"             daemon [_thread_blocked, id=27880, stack(0x000000f87f200000,0x000000f87f300000) (1024K)]
  0x0000021c3cc720e0 JavaThread "Notification Thread"        daemon [_thread_blocked, id=28916, stack(0x000000f87f500000,0x000000f87f600000) (1024K)]
  0x0000021c040bf600 JavaThread "Daemon health stats"               [_thread_blocked, id=26092, stack(0x000000f87fb00000,0x000000f87fc00000) (1024K)]
  0x0000021c7eddffd0 JavaThread "Incoming local TCP Connector on port 54470"        [_thread_in_native, id=28492, stack(0x000000f87fc00000,0x000000f87fd00000) (1024K)]
  0x0000021c0410d1d0 JavaThread "Daemon periodic checks"            [_thread_blocked, id=25468, stack(0x000000f87ff00000,0x000000f880000000) (1024K)]
  0x0000021c042a1b70 JavaThread "Daemon"                            [_thread_blocked, id=27840, stack(0x000000f800000000,0x000000f800100000) (1024K)]
  0x0000021c0427dfe0 JavaThread "Handler for socket connection from /127.0.0.1:54470 to /127.0.0.1:54471"        [_thread_in_native, id=16312, stack(0x000000f800100000,0x000000f800200000) (1024K)]
  0x0000021c04460150 JavaThread "Cancel handler"                    [_thread_blocked, id=28392, stack(0x000000f800200000,0x000000f800300000) (1024K)]
  0x0000021c04469bd0 JavaThread "Daemon worker"                     [_thread_blocked, id=2068, stack(0x000000f800300000,0x000000f800400000) (1024K)]
  0x0000021c0446c9c0 JavaThread "Asynchronous log dispatcher for DefaultDaemonConnection: socket connection from /127.0.0.1:54470 to /127.0.0.1:54471"        [_thread_blocked, id=8644, stack(0x000000f800400000,0x000000f800500000) (1024K)]
  0x0000021c0446a8f0 JavaThread "Stdin handler"                     [_thread_blocked, id=29204, stack(0x000000f800500000,0x000000f800600000) (1024K)]
  0x0000021c0446bca0 JavaThread "Daemon client event forwarder"        [_thread_blocked, id=13492, stack(0x000000f800600000,0x000000f800700000) (1024K)]
  0x0000021c0446c330 JavaThread "Cache worker for journal cache (C:\Users\Elsobky\.gradle\caches\journal-1)"        [_thread_blocked, id=26220, stack(0x000000f800700000,0x000000f800800000) (1024K)]
  0x0000021c04469540 JavaThread "File lock request listener"        [_thread_in_native, id=21812, stack(0x000000f800800000,0x000000f800900000) (1024K)]
  0x0000021c0446a260 JavaThread "Cache worker for file hash cache (C:\Users\Elsobky\.gradle\caches\9.1.0\fileHashes)"        [_thread_blocked, id=28004, stack(0x000000f800900000,0x000000f800a00000) (1024K)]
  0x0000021c06be2190 JavaThread "Cache worker for file hash cache (D:\ITI\Courses\android (java)\Final_Project\Foodo\.gradle\9.1.0\fileHashes)"        [_thread_in_native, id=17968, stack(0x000000f801700000,0x000000f801800000) (1024K)]
  0x0000021c06be2820 JavaThread "Cache worker for Build Output Cleanup Cache (D:\ITI\Courses\android (java)\Final_Project\Foodo\.gradle\buildOutputCleanup)"        [_thread_blocked, id=7872, stack(0x000000f801800000,0x000000f801900000) (1024K)]
  0x0000021c06be1b00 JavaThread "File watcher server"        daemon [_thread_in_native, id=28808, stack(0x000000f801900000,0x000000f801a00000) (1024K)]
  0x0000021c06be2eb0 JavaThread "File watcher consumer"      daemon [_thread_blocked, id=8100, stack(0x000000f801a00000,0x000000f801b00000) (1024K)]
  0x0000021c06bdfa30 JavaThread "Cache worker for checksums cache (D:\ITI\Courses\android (java)\Final_Project\Foodo\.gradle\9.1.0\checksums)"        [_thread_blocked, id=19668, stack(0x000000f800b00000,0x000000f800c00000) (1024K)]
  0x0000021c06be3540 JavaThread "Cache worker for file content cache (C:\Users\Elsobky\.gradle\caches\9.1.0\fileContent)"        [_thread_blocked, id=22148, stack(0x000000f801600000,0x000000f801700000) (1024K)]
  0x0000021c06be1470 JavaThread "Cache worker for cache directory md-supplier (C:\Users\Elsobky\.gradle\caches\9.1.0\md-supplier)"        [_thread_blocked, id=6228, stack(0x000000f801b00000,0x000000f801c00000) (1024K)]
  0x0000021c06be0de0 JavaThread "Cache worker for cache directory md-rule (C:\Users\Elsobky\.gradle\caches\9.1.0\md-rule)"        [_thread_blocked, id=22924, stack(0x000000f801c00000,0x000000f801d00000) (1024K)]
  0x0000021c06be4260 JavaThread "Unconstrained build operations"        [_thread_blocked, id=9956, stack(0x000000f801e00000,0x000000f801f00000) (1024K)]
  0x0000021c06be6330 JavaThread "Unconstrained build operations Thread 2"        [_thread_blocked, id=14108, stack(0x000000f801f00000,0x000000f802000000) (1024K)]
  0x0000021c04b416d0 JavaThread "Unconstrained build operations Thread 3"        [_thread_blocked, id=22240, stack(0x000000f802000000,0x000000f802100000) (1024K)]
  0x0000021c04b444c0 JavaThread "Unconstrained build operations Thread 4"        [_thread_blocked, id=26432, stack(0x000000f802100000,0x000000f802200000) (1024K)]
  0x0000021c04b41d60 JavaThread "Unconstrained build operations Thread 5"        [_thread_blocked, id=26228, stack(0x000000f802200000,0x000000f802300000) (1024K)]
  0x0000021c04b423f0 JavaThread "Unconstrained build operations Thread 6"        [_thread_blocked, id=26004, stack(0x000000f802300000,0x000000f802400000) (1024K)]
  0x0000021c04b42a80 JavaThread "Unconstrained build operations Thread 7"        [_thread_blocked, id=21640, stack(0x000000f802400000,0x000000f802500000) (1024K)]
  0x0000021c04b41040 JavaThread "Unconstrained build operations Thread 8"        [_thread_blocked, id=22100, stack(0x000000f802500000,0x000000f802600000) (1024K)]
  0x0000021c04b45870 JavaThread "Unconstrained build operations Thread 9"        [_thread_blocked, id=15784, stack(0x000000f802600000,0x000000f802700000) (1024K)]
  0x0000021c04b44b50 JavaThread "Unconstrained build operations Thread 10"        [_thread_blocked, id=27236, stack(0x000000f802700000,0x000000f802800000) (1024K)]
  0x0000021c04b451e0 JavaThread "Unconstrained build operations Thread 11"        [_thread_blocked, id=24864, stack(0x000000f802800000,0x000000f802900000) (1024K)]
  0x0000021c04b45f00 JavaThread "Unconstrained build operations Thread 12"        [_thread_blocked, id=29644, stack(0x000000f802900000,0x000000f802a00000) (1024K)]
  0x0000021c04b46590 JavaThread "Unconstrained build operations Thread 13"        [_thread_blocked, id=26548, stack(0x000000f802a00000,0x000000f802b00000) (1024K)]
  0x0000021c04b43110 JavaThread "Unconstrained build operations Thread 14"        [_thread_blocked, id=16736, stack(0x000000f802b00000,0x000000f802c00000) (1024K)]
  0x0000021c04b437a0 JavaThread "Unconstrained build operations Thread 15"        [_thread_blocked, id=19332, stack(0x000000f802c00000,0x000000f802d00000) (1024K)]
  0x0000021c04b472b0 JavaThread "Unconstrained build operations Thread 16"        [_thread_blocked, id=28084, stack(0x000000f802d00000,0x000000f802e00000) (1024K)]
  0x0000021c04b43e30 JavaThread "Unconstrained build operations Thread 17"        [_thread_blocked, id=29132, stack(0x000000f802e00000,0x000000f802f00000) (1024K)]
  0x0000021c04b47940 JavaThread "Unconstrained build operations Thread 18"        [_thread_blocked, id=21116, stack(0x000000f802f00000,0x000000f803000000) (1024K)]
  0x0000021c04b47fd0 JavaThread "Unconstrained build operations Thread 19"        [_thread_blocked, id=4516, stack(0x000000f803000000,0x000000f803100000) (1024K)]
  0x0000021c04b48660 JavaThread "Unconstrained build operations Thread 20"        [_thread_blocked, id=24908, stack(0x000000f803100000,0x000000f803200000) (1024K)]
  0x0000021c06fd3500 JavaThread "Unconstrained build operations Thread 21"        [_thread_blocked, id=29056, stack(0x000000f803200000,0x000000f803300000) (1024K)]
  0x0000021c06fd0da0 JavaThread "Unconstrained build operations Thread 22"        [_thread_blocked, id=19940, stack(0x000000f803300000,0x000000f803400000) (1024K)]
  0x0000021c06fd1430 JavaThread "Unconstrained build operations Thread 23"        [_thread_blocked, id=27060, stack(0x000000f803400000,0x000000f803500000) (1024K)]
  0x0000021c06fd3b90 JavaThread "Unconstrained build operations Thread 24"        [_thread_blocked, id=10628, stack(0x000000f803500000,0x000000f803600000) (1024K)]
  0x0000021c06fd0710 JavaThread "Unconstrained build operations Thread 25"        [_thread_blocked, id=13228, stack(0x000000f803600000,0x000000f803700000) (1024K)]
  0x0000021c06fd4f40 JavaThread "Unconstrained build operations Thread 26"        [_thread_blocked, id=26816, stack(0x000000f803700000,0x000000f803800000) (1024K)]
  0x0000021c06fd4220 JavaThread "Unconstrained build operations Thread 27"        [_thread_blocked, id=7636, stack(0x000000f803800000,0x000000f803900000) (1024K)]
  0x0000021c06fd2e70 JavaThread "Unconstrained build operations Thread 28"        [_thread_blocked, id=25768, stack(0x000000f803900000,0x000000f803a00000) (1024K)]
  0x0000021c06fd48b0 JavaThread "Unconstrained build operations Thread 29"        [_thread_blocked, id=16176, stack(0x000000f803a00000,0x000000f803b00000) (1024K)]
  0x0000021c06fd1ac0 JavaThread "Unconstrained build operations Thread 30"        [_thread_blocked, id=24580, stack(0x000000f803b00000,0x000000f803c00000) (1024K)]
  0x0000021c06fd2150 JavaThread "Unconstrained build operations Thread 31"        [_thread_blocked, id=19416, stack(0x000000f803d00000,0x000000f803e00000) (1024K)]
  0x0000021c06fd27e0 JavaThread "Unconstrained build operations Thread 32"        [_thread_blocked, id=9492, stack(0x000000f803e00000,0x000000f803f00000) (1024K)]
  0x0000021c06fd5c60 JavaThread "Unconstrained build operations Thread 33"        [_thread_blocked, id=29116, stack(0x000000f803f00000,0x000000f804000000) (1024K)]
  0x0000021c06fd62f0 JavaThread "Unconstrained build operations Thread 34"        [_thread_blocked, id=26888, stack(0x000000f804000000,0x000000f804100000) (1024K)]
  0x0000021c06fd76a0 JavaThread "Unconstrained build operations Thread 35"        [_thread_blocked, id=26436, stack(0x000000f804100000,0x000000f804200000) (1024K)]
  0x0000021c06fd7d30 JavaThread "Unconstrained build operations Thread 36"        [_thread_blocked, id=11044, stack(0x000000f804200000,0x000000f804300000) (1024K)]
  0x0000021c06fd6980 JavaThread "Unconstrained build operations Thread 37"        [_thread_blocked, id=13608, stack(0x000000f804300000,0x000000f804400000) (1024K)]
  0x0000021c06fd7010 JavaThread "Unconstrained build operations Thread 38"        [_thread_blocked, id=29176, stack(0x000000f804400000,0x000000f804500000) (1024K)]
  0x0000021c058db6e0 JavaThread "Unconstrained build operations Thread 39"        [_thread_blocked, id=24280, stack(0x000000f804500000,0x000000f804600000) (1024K)]
  0x0000021c058d9ca0 JavaThread "Unconstrained build operations Thread 40"        [_thread_blocked, id=27156, stack(0x000000f804600000,0x000000f804700000) (1024K)]
  0x0000021c058d9610 JavaThread "Unconstrained build operations Thread 41"        [_thread_blocked, id=25544, stack(0x000000f804700000,0x000000f804800000) (1024K)]
  0x0000021c058da330 JavaThread "Unconstrained build operations Thread 42"        [_thread_blocked, id=12616, stack(0x000000f804800000,0x000000f804900000) (1024K)]
  0x0000021c058d8f80 JavaThread "Unconstrained build operations Thread 43"        [_thread_blocked, id=25208, stack(0x000000f804900000,0x000000f804a00000) (1024K)]
  0x0000021c058db050 JavaThread "Unconstrained build operations Thread 44"        [_thread_blocked, id=27856, stack(0x000000f804a00000,0x000000f804b00000) (1024K)]
  0x0000021c058dd120 JavaThread "Unconstrained build operations Thread 45"        [_thread_blocked, id=26308, stack(0x000000f804b00000,0x000000f804c00000) (1024K)]
  0x0000021c058dca90 JavaThread "Memory manager"                    [_thread_blocked, id=8168, stack(0x000000f801d00000,0x000000f801e00000) (1024K)]
  0x0000021c058deb60 JavaThread "build event listener"              [_thread_blocked, id=5024, stack(0x000000f804c00000,0x000000f804d00000) (1024K)]
  0x0000021c09cf9700 JavaThread "pool-3-thread-1"                   [_thread_blocked, id=9808, stack(0x000000f805000000,0x000000f805100000) (1024K)]
  0x0000021c09cf6fa0 JavaThread "build event listener"              [_thread_blocked, id=22060, stack(0x000000f805100000,0x000000f805200000) (1024K)]
  0x0000021c09cf7630 JavaThread "included builds"                   [_thread_blocked, id=17644, stack(0x000000f805200000,0x000000f805300000) (1024K)]
  0x0000021c09cf9070 JavaThread "Execution worker"                  [_thread_blocked, id=16000, stack(0x000000f805300000,0x000000f805400000) (1024K)]
  0x0000021c09cf7cc0 JavaThread "Execution worker Thread 2"         [_thread_blocked, id=15436, stack(0x000000f805400000,0x000000f805500000) (1024K)]
  0x0000021c09cfaab0 JavaThread "Execution worker Thread 3"         [_thread_in_Java, id=29380, stack(0x000000f805500000,0x000000f805600000) (1024K)]
  0x0000021c09cf8350 JavaThread "Execution worker Thread 4"         [_thread_blocked, id=29120, stack(0x000000f805600000,0x000000f805700000) (1024K)]
  0x0000021c06a055c0 JavaThread "Execution worker Thread 5"         [_thread_blocked, id=28908, stack(0x000000f805700000,0x000000f805800000) (1024K)]
  0x0000021c06a07690 JavaThread "Execution worker Thread 6"         [_thread_blocked, id=13552, stack(0x000000f805800000,0x000000f805900000) (1024K)]
  0x0000021c06a062e0 JavaThread "Execution worker Thread 7"         [_thread_blocked, id=25404, stack(0x000000f805900000,0x000000f805a00000) (1024K)]
  0x0000021c06a07000 JavaThread "Execution worker Thread 8"         [_thread_blocked, id=6048, stack(0x000000f805a00000,0x000000f805b00000) (1024K)]
  0x0000021c06a048a0 JavaThread "Execution worker Thread 9"         [_thread_blocked, id=19308, stack(0x000000f805b00000,0x000000f805c00000) (1024K)]
  0x0000021c06a06970 JavaThread "Execution worker Thread 10"        [_thread_blocked, id=13540, stack(0x000000f805c00000,0x000000f805d00000) (1024K)]
  0x0000021c06a05c50 JavaThread "Execution worker Thread 11"        [_thread_blocked, id=26964, stack(0x000000f805d00000,0x000000f805e00000) (1024K)]
  0x0000021c06a07d20 JavaThread "Execution worker Thread 12"        [_thread_in_native, id=1920, stack(0x000000f805e00000,0x000000f805f00000) (1024K)]
  0x0000021c06a083b0 JavaThread "Execution worker Thread 13"        [_thread_blocked, id=3944, stack(0x000000f805f00000,0x000000f806000000) (1024K)]
  0x0000021c06a04f30 JavaThread "Execution worker Thread 14"        [_thread_blocked, id=27328, stack(0x000000f806000000,0x000000f806100000) (1024K)]
  0x0000021c06a090d0 JavaThread "Execution worker Thread 15"        [_thread_blocked, id=15840, stack(0x000000f806100000,0x000000f806200000) (1024K)]
  0x0000021c06a0a480 JavaThread "Cache worker for execution history cache (D:\ITI\Courses\android (java)\Final_Project\Foodo\.gradle\9.1.0\executionHistory)"        [_thread_blocked, id=12428, stack(0x000000f806200000,0x000000f806300000) (1024K)]
  0x0000021c053ab250 JavaThread "C1 CompilerThread1"         daemon [_thread_blocked, id=25664, stack(0x000000f800a00000,0x000000f800b00000) (1024K)]
  0x0000021c053aab80 JavaThread "C1 CompilerThread2"         daemon [_thread_in_native, id=25856, stack(0x000000f803c00000,0x000000f803d00000) (1024K)]
  0x0000021c06a09760 JavaThread "Unconstrained build operations Thread 46"        [_thread_blocked, id=26780, stack(0x000000f806400000,0x000000f806500000) (1024K)]
  0x0000021c06a0b1a0 JavaThread "Unconstrained build operations Thread 47"        [_thread_blocked, id=26724, stack(0x000000f806500000,0x000000f806600000) (1024K)]
  0x0000021c06a09df0 JavaThread "Unconstrained build operations Thread 48"        [_thread_blocked, id=27216, stack(0x000000f806600000,0x000000f806700000) (1024K)]
  0x0000021c06a0ab10 JavaThread "Unconstrained build operations Thread 49"        [_thread_blocked, id=21408, stack(0x000000f806700000,0x000000f806800000) (1024K)]
  0x0000021c06a0b830 JavaThread "Unconstrained build operations Thread 50"        [_thread_blocked, id=27016, stack(0x000000f806800000,0x000000f806900000) (1024K)]
  0x0000021c06a0bec0 JavaThread "Unconstrained build operations Thread 51"        [_thread_blocked, id=28604, stack(0x000000f806900000,0x000000f806a00000) (1024K)]
  0x0000021c09cf6280 JavaThread "Unconstrained build operations Thread 52"        [_thread_blocked, id=24944, stack(0x000000f806a00000,0x000000f806b00000) (1024K)]
  0x0000021c09cf3b20 JavaThread "Unconstrained build operations Thread 53"        [_thread_blocked, id=25832, stack(0x000000f806b00000,0x000000f806c00000) (1024K)]
  0x0000021c09cf3490 JavaThread "Unconstrained build operations Thread 54"        [_thread_blocked, id=16832, stack(0x000000f806c00000,0x000000f806d00000) (1024K)]
  0x0000021c09cf6910 JavaThread "Unconstrained build operations Thread 55"        [_thread_blocked, id=18572, stack(0x000000f806d00000,0x000000f806e00000) (1024K)]
  0x0000021c09cf4840 JavaThread "Unconstrained build operations Thread 56"        [_thread_blocked, id=16768, stack(0x000000f806e00000,0x000000f806f00000) (1024K)]
  0x0000021c09cf41b0 JavaThread "Unconstrained build operations Thread 57"        [_thread_blocked, id=11688, stack(0x000000f806f00000,0x000000f807000000) (1024K)]
  0x0000021c09cf5560 JavaThread "Unconstrained build operations Thread 58"        [_thread_blocked, id=18268, stack(0x000000f807000000,0x000000f807100000) (1024K)]
  0x0000021c09cf5bf0 JavaThread "Unconstrained build operations Thread 59"        [_thread_blocked, id=5792, stack(0x000000f807100000,0x000000f807200000) (1024K)]
  0x0000021c09cf89e0 JavaThread "Unconstrained build operations Thread 60"        [_thread_blocked, id=24700, stack(0x000000f807200000,0x000000f807300000) (1024K)]
  0x0000021c0a2d08d0 JavaThread "Unconstrained build operations Thread 61"        [_thread_blocked, id=25584, stack(0x000000f807500000,0x000000f807600000) (1024K)]
  0x0000021c0a2cf520 JavaThread "Unconstrained build operations Thread 62"        [_thread_blocked, id=7024, stack(0x000000f807600000,0x000000f807700000) (1024K)]
  0x0000021c0a2ce170 JavaThread "Unconstrained build operations Thread 63"        [_thread_blocked, id=28140, stack(0x000000f807700000,0x000000f807800000) (1024K)]
  0x0000021c0a2ce800 JavaThread "Unconstrained build operations Thread 64"        [_thread_blocked, id=19292, stack(0x000000f807800000,0x000000f807900000) (1024K)]
  0x0000021c0a2cfbb0 JavaThread "Unconstrained build operations Thread 65"        [_thread_blocked, id=21452, stack(0x000000f807900000,0x000000f807a00000) (1024K)]
  0x0000021c0a2d0240 JavaThread "Unconstrained build operations Thread 66"        [_thread_blocked, id=14084, stack(0x000000f807a00000,0x000000f807b00000) (1024K)]
  0x0000021c09167350 JavaThread "Unconstrained build operations Thread 67"        [_thread_blocked, id=24852, stack(0x000000f807b00000,0x000000f807c00000) (1024K)]
  0x0000021c09168700 JavaThread "Unconstrained build operations Thread 68"        [_thread_blocked, id=27380, stack(0x000000f807c00000,0x000000f807d00000) (1024K)]
  0x0000021c091679e0 JavaThread "Unconstrained build operations Thread 69"        [_thread_blocked, id=22744, stack(0x000000f807d00000,0x000000f807e00000) (1024K)]
  0x0000021c09168d90 JavaThread "Unconstrained build operations Thread 70"        [_thread_blocked, id=20864, stack(0x000000f807e00000,0x000000f807f00000) (1024K)]
  0x0000021c09166cc0 JavaThread "Unconstrained build operations Thread 71"        [_thread_blocked, id=26492, stack(0x000000f807f00000,0x000000f808000000) (1024K)]
  0x0000021c0916a140 JavaThread "Unconstrained build operations Thread 72"        [_thread_blocked, id=25460, stack(0x000000f808000000,0x000000f808100000) (1024K)]
  0x0000021c09169420 JavaThread "Unconstrained build operations Thread 73"        [_thread_blocked, id=2272, stack(0x000000f808100000,0x000000f808200000) (1024K)]
  0x0000021c09168070 JavaThread "Unconstrained build operations Thread 74"        [_thread_blocked, id=10132, stack(0x000000f808200000,0x000000f808300000) (1024K)]
  0x0000021c0916bb80 JavaThread "Unconstrained build operations Thread 75"        [_thread_blocked, id=11564, stack(0x000000f808300000,0x000000f808400000) (1024K)]
  0x0000021c0916c210 JavaThread "WorkerExecutor Queue"              [_thread_blocked, id=21604, stack(0x000000f807400000,0x000000f807500000) (1024K)]
  0x0000021c0916c8a0 JavaThread "Unconstrained build operations Thread 76"        [_thread_blocked, id=25452, stack(0x000000f806300000,0x000000f806400000) (1024K)]
  0x0000021c0916a7d0 JavaThread "Unconstrained build operations Thread 77"        [_thread_blocked, id=29560, stack(0x000000f807300000,0x000000f807400000) (1024K)]
  0x0000021c0916ae60 JavaThread "Unconstrained build operations Thread 78"        [_thread_blocked, id=28612, stack(0x000000f808400000,0x000000f808500000) (1024K)]
  0x0000021c0916cf30 JavaThread "Unconstrained build operations Thread 79"        [_thread_blocked, id=25828, stack(0x000000f808500000,0x000000f808600000) (1024K)]
  0x0000021c0916b4f0 JavaThread "Unconstrained build operations Thread 80"        [_thread_blocked, id=26136, stack(0x000000f808600000,0x000000f808700000) (1024K)]
  0x0000021c09169ab0 JavaThread "Unconstrained build operations Thread 81"        [_thread_blocked, id=28868, stack(0x000000f808700000,0x000000f808800000) (1024K)]
  0x0000021c0916f690 JavaThread "Unconstrained build operations Thread 82"        [_thread_blocked, id=27320, stack(0x000000f808800000,0x000000f808900000) (1024K)]
  0x0000021c091703b0 JavaThread "Unconstrained build operations Thread 83"        [_thread_blocked, id=23152, stack(0x000000f808900000,0x000000f808a00000) (1024K)]
  0x0000021c09170a40 JavaThread "Unconstrained build operations Thread 84"        [_thread_blocked, id=25816, stack(0x000000f808a00000,0x000000f808b00000) (1024K)]
  0x0000021c0916f000 JavaThread "Unconstrained build operations Thread 85"        [_thread_blocked, id=19144, stack(0x000000f808b00000,0x000000f808c00000) (1024K)]
  0x0000021c0916fd20 JavaThread "Unconstrained build operations Thread 86"        [_thread_blocked, id=12916, stack(0x000000f808c00000,0x000000f808d00000) (1024K)]
  0x0000021c0916e2e0 JavaThread "Unconstrained build operations Thread 87"        [_thread_blocked, id=2500, stack(0x000000f808d00000,0x000000f808e00000) (1024K)]
  0x0000021c0916e970 JavaThread "Unconstrained build operations Thread 88"        [_thread_blocked, id=27240, stack(0x000000f808e00000,0x000000f808f00000) (1024K)]
  0x0000021c0916d5c0 JavaThread "Unconstrained build operations Thread 89"        [_thread_blocked, id=27368, stack(0x000000f808f00000,0x000000f809000000) (1024K)]
  0x0000021c091710d0 JavaThread "Unconstrained build operations Thread 90"        [_thread_blocked, id=21784, stack(0x000000f809000000,0x000000f809100000) (1024K)]
  0x0000021c080b7940 JavaThread "WorkerExecutor Queue Thread 2"        [_thread_blocked, id=27516, stack(0x000000f809300000,0x000000f809400000) (1024K)]
  0x0000021c080b44c0 JavaThread "WorkerExecutor Queue Thread 3"        [_thread_blocked, id=19096, stack(0x000000f809400000,0x000000f809500000) (1024K)]
  0x0000021c080b7fd0 JavaThread "WorkerExecutor Queue Thread 4"        [_thread_blocked, id=12540, stack(0x000000f809500000,0x000000f809600000) (1024K)]
  0x0000021c080b4b50 JavaThread "WorkerExecutor Queue Thread 5"        [_thread_blocked, id=1872, stack(0x000000f809600000,0x000000f809700000) (1024K)]
  0x0000021c080b51e0 JavaThread "WorkerExecutor Queue Thread 6"        [_thread_blocked, id=26096, stack(0x000000f809700000,0x000000f809800000) (1024K)]
  0x0000021c080b5870 JavaThread "WorkerExecutor Queue Thread 7"        [_thread_blocked, id=4596, stack(0x000000f809800000,0x000000f809900000) (1024K)]
  0x0000021c080b8660 JavaThread "WorkerExecutor Queue Thread 8"        [_thread_blocked, id=25440, stack(0x000000f809900000,0x000000f809a00000) (1024K)]
  0x0000021c080b9a10 JavaThread "WorkerExecutor Queue Thread 9"        [_thread_blocked, id=25184, stack(0x000000f809a00000,0x000000f809b00000) (1024K)]
  0x0000021c080b9380 JavaThread "WorkerExecutor Queue Thread 10"        [_thread_blocked, id=1108, stack(0x000000f809b00000,0x000000f809c00000) (1024K)]
  0x0000021c080ba0a0 JavaThread "WorkerExecutor Queue Thread 11"        [_thread_blocked, id=21412, stack(0x000000f809c00000,0x000000f809d00000) (1024K)]
  0x0000021c080badc0 JavaThread "WorkerExecutor Queue Thread 12"        [_thread_blocked, id=22592, stack(0x000000f809d00000,0x000000f809e00000) (1024K)]
  0x0000021c080bce90 JavaThread "WorkerExecutor Queue Thread 13"        [_thread_blocked, id=17164, stack(0x000000f809e00000,0x000000f809f00000) (1024K)]
  0x0000021c080bb450 JavaThread "WorkerExecutor Queue Thread 14"        [_thread_blocked, id=3228, stack(0x000000f809f00000,0x000000f80a000000) (1024K)]
  0x0000021c080bbae0 JavaThread "WorkerExecutor Queue Thread 15"        [_thread_in_vm, id=28248, stack(0x000000f80a000000,0x000000f80a100000) (1024K)]
  0x0000021c080bc170 JavaThread "WorkerExecutor Queue Thread 16"        [_thread_blocked, id=1128, stack(0x000000f80a100000,0x000000f80a200000) (1024K)]
  0x0000021c058df1f0 JavaThread "Unconstrained build operations Thread 91"        [_thread_blocked, id=19616, stack(0x000000f80a300000,0x000000f80a400000) (1024K)]
  0x0000021c080b6590 JavaThread "Unconstrained build operations Thread 92"        [_thread_blocked, id=28512, stack(0x000000f80a400000,0x000000f80a500000) (1024K)]
  0x0000021c080b72b0 JavaThread "Unconstrained build operations Thread 93"        [_thread_blocked, id=27752, stack(0x000000f80a500000,0x000000f80a600000) (1024K)]
  0x0000021c080bdbb0 JavaThread "Unconstrained build operations Thread 94"        [_thread_blocked, id=29532, stack(0x000000f80a600000,0x000000f80a700000) (1024K)]
  0x0000021c080c09a0 JavaThread "Unconstrained build operations Thread 95"        [_thread_blocked, id=3328, stack(0x000000f80a700000,0x000000f80a800000) (1024K)]
  0x0000021c080be8d0 JavaThread "Unconstrained build operations Thread 96"        [_thread_blocked, id=5624, stack(0x000000f80a800000,0x000000f80a900000) (1024K)]
  0x0000021c080bd520 JavaThread "Unconstrained build operations Thread 97"        [_thread_blocked, id=21440, stack(0x000000f80a900000,0x000000f80aa00000) (1024K)]
  0x0000021c080c1030 JavaThread "Unconstrained build operations Thread 98"        [_thread_blocked, id=8524, stack(0x000000f80aa00000,0x000000f80ab00000) (1024K)]
  0x0000021c080c16c0 JavaThread "Unconstrained build operations Thread 99"        [_thread_blocked, id=27040, stack(0x000000f80ab00000,0x000000f80ac00000) (1024K)]
  0x0000021c080c0310 JavaThread "Unconstrained build operations Thread 100"        [_thread_blocked, id=8876, stack(0x000000f80ac00000,0x000000f80ad00000) (1024K)]
  0x0000021c080bfc80 JavaThread "Unconstrained build operations Thread 101"        [_thread_blocked, id=25776, stack(0x000000f80ad00000,0x000000f80ae00000) (1024K)]
  0x0000021c080be240 JavaThread "Unconstrained build operations Thread 102"        [_thread_blocked, id=27412, stack(0x000000f80ae00000,0x000000f80af00000) (1024K)]
  0x0000021c080c1d50 JavaThread "Unconstrained build operations Thread 103"        [_thread_blocked, id=5036, stack(0x000000f80af00000,0x000000f80b000000) (1024K)]
  0x0000021c080bef60 JavaThread "Unconstrained build operations Thread 104"        [_thread_blocked, id=5540, stack(0x000000f80b000000,0x000000f80b100000) (1024K)]
  0x0000021c080c2a70 JavaThread "Unconstrained build operations Thread 105"        [_thread_blocked, id=27900, stack(0x000000f80b100000,0x000000f80b200000) (1024K)]
  0x0000021c080c23e0 JavaThread "Unconstrained build operations Thread 106"        [_thread_blocked, id=22564, stack(0x000000f80b200000,0x000000f80b300000) (1024K)]
  0x0000021c080bf5f0 JavaThread "Unconstrained build operations Thread 107"        [_thread_blocked, id=29468, stack(0x000000f809200000,0x000000f809300000) (1024K)]
  0x0000021c080c3100 JavaThread "Unconstrained build operations Thread 108"        [_thread_blocked, id=25432, stack(0x000000f80b300000,0x000000f80b400000) (1024K)]
  0x0000021c080c3790 JavaThread "Unconstrained build operations Thread 109"        [_thread_blocked, id=28152, stack(0x000000f80b400000,0x000000f80b500000) (1024K)]
  0x0000021c0a2c9fd0 JavaThread "Unconstrained build operations Thread 110"        [_thread_blocked, id=8588, stack(0x000000f80b500000,0x000000f80b600000) (1024K)]
  0x0000021c0a2cc730 JavaThread "Unconstrained build operations Thread 111"        [_thread_blocked, id=27512, stack(0x000000f80b600000,0x000000f80b700000) (1024K)]
  0x0000021c0a2c92b0 JavaThread "Unconstrained build operations Thread 112"        [_thread_blocked, id=13476, stack(0x000000f80b700000,0x000000f80b800000) (1024K)]
  0x0000021c0a2cba10 JavaThread "Unconstrained build operations Thread 113"        [_thread_blocked, id=28532, stack(0x000000f80b800000,0x000000f80b900000) (1024K)]
  0x0000021c0a2ccdc0 JavaThread "Unconstrained build operations Thread 114"        [_thread_blocked, id=20212, stack(0x000000f80b900000,0x000000f80ba00000) (1024K)]
  0x0000021c0a2ca660 JavaThread "Unconstrained build operations Thread 115"        [_thread_blocked, id=21180, stack(0x000000f80ba00000,0x000000f80bb00000) (1024K)]
  0x0000021c0a2cb380 JavaThread "Unconstrained build operations Thread 116"        [_thread_blocked, id=19400, stack(0x000000f80bb00000,0x000000f80bc00000) (1024K)]
  0x0000021c0a2c9940 JavaThread "Unconstrained build operations Thread 117"        [_thread_blocked, id=25052, stack(0x000000f80bc00000,0x000000f80bd00000) (1024K)]
  0x0000021c0a2cacf0 JavaThread "Unconstrained build operations Thread 118"        [_thread_blocked, id=26416, stack(0x000000f80bd00000,0x000000f80be00000) (1024K)]
  0x0000021c0a2cee90 JavaThread "Unconstrained build operations Thread 119"        [_thread_blocked, id=25036, stack(0x000000f80be00000,0x000000f80bf00000) (1024K)]
  0x0000021c0a2cd450 JavaThread "Unconstrained build operations Thread 120"        [_thread_blocked, id=28148, stack(0x000000f80bf00000,0x000000f80c000000) (1024K)]
  0x0000021c0a2cdae0 JavaThread "Unconstrained build operations Thread 121"        [_thread_blocked, id=13248, stack(0x000000f80c000000,0x000000f80c100000) (1024K)]
  0x0000021c091731a0 JavaThread "Unconstrained build operations Thread 122"        [_thread_blocked, id=14056, stack(0x000000f80c100000,0x000000f80c200000) (1024K)]
  0x0000021c09171760 JavaThread "Unconstrained build operations Thread 123"        [_thread_blocked, id=27584, stack(0x000000f80c200000,0x000000f80c300000) (1024K)]
  0x0000021c09174550 JavaThread "Unconstrained build operations Thread 124"        [_thread_blocked, id=17216, stack(0x000000f80c300000,0x000000f80c400000) (1024K)]
  0x0000021c09172b10 JavaThread "Unconstrained build operations Thread 125"        [_thread_blocked, id=28456, stack(0x000000f80c400000,0x000000f80c500000) (1024K)]
  0x0000021c09171df0 JavaThread "Unconstrained build operations Thread 126"        [_thread_blocked, id=28876, stack(0x000000f80c500000,0x000000f80c600000) (1024K)]
  0x0000021c09174be0 JavaThread "Unconstrained build operations Thread 127"        [_thread_blocked, id=17212, stack(0x000000f80c600000,0x000000f80c700000) (1024K)]
  0x0000021c09172480 JavaThread "Unconstrained build operations Thread 128"        [_thread_blocked, id=26668, stack(0x000000f80c700000,0x000000f80c800000) (1024K)]
  0x0000021c09173830 JavaThread "Unconstrained build operations Thread 129"        [_thread_blocked, id=3852, stack(0x000000f80c800000,0x000000f80c900000) (1024K)]
  0x0000021c09175900 JavaThread "Unconstrained build operations Thread 130"        [_thread_blocked, id=27448, stack(0x000000f80c900000,0x000000f80ca00000) (1024K)]
  0x0000021c09175270 JavaThread "Unconstrained build operations Thread 131"        [_thread_blocked, id=23500, stack(0x000000f80ca00000,0x000000f80cb00000) (1024K)]
  0x0000021c09173ec0 JavaThread "Unconstrained build operations Thread 132"        [_thread_blocked, id=9488, stack(0x000000f80cb00000,0x000000f80cc00000) (1024K)]
  0x0000021c09cfa420 JavaThread "Unconstrained build operations Thread 133"        [_thread_blocked, id=27352, stack(0x000000f80cc00000,0x000000f80cd00000) (1024K)]
  0x0000021c09cf4ed0 JavaThread "Unconstrained build operations Thread 134"        [_thread_blocked, id=26276, stack(0x000000f80cd00000,0x000000f80ce00000) (1024K)]
  0x0000021c09cf9d90 JavaThread "Unconstrained build operations Thread 135"        [_thread_blocked, id=29404, stack(0x000000f80ce00000,0x000000f80cf00000) (1024K)]
  0x0000021c09175f90 JavaThread "Unconstrained build operations Thread 136"        [_thread_blocked, id=25948, stack(0x000000f80cf00000,0x000000f80d000000) (1024K)]
  0x0000021c06be0750 JavaThread "Unconstrained build operations Thread 137"        [_thread_blocked, id=20060, stack(0x000000f80d000000,0x000000f80d100000) (1024K)]
  0x0000021c09b8e2d0 JavaThread "Unconstrained build operations Thread 138"        [_thread_blocked, id=13304, stack(0x000000f80d100000,0x000000f80d200000) (1024K)]
  0x0000021c09b8f680 JavaThread "Unconstrained build operations Thread 139"        [_thread_blocked, id=10120, stack(0x000000f80d200000,0x000000f80d300000) (1024K)]
  0x0000021c09b8d5b0 JavaThread "Unconstrained build operations Thread 140"        [_thread_blocked, id=24868, stack(0x000000f80d300000,0x000000f80d400000) (1024K)]
  0x0000021c09b8cf20 JavaThread "Unconstrained build operations Thread 141"        [_thread_blocked, id=24716, stack(0x000000f80d400000,0x000000f80d500000) (1024K)]
  0x0000021c09b8fd10 JavaThread "Unconstrained build operations Thread 142"        [_thread_blocked, id=6808, stack(0x000000f80d500000,0x000000f80d600000) (1024K)]
  0x0000021c09b910c0 JavaThread "Unconstrained build operations Thread 143"        [_thread_blocked, id=10380, stack(0x000000f80d600000,0x000000f80d700000) (1024K)]
  0x0000021c09b8dc40 JavaThread "Unconstrained build operations Thread 144"        [_thread_blocked, id=3524, stack(0x000000f80d700000,0x000000f80d800000) (1024K)]
  0x0000021c09b903a0 JavaThread "Unconstrained build operations Thread 145"        [_thread_blocked, id=17052, stack(0x000000f80d800000,0x000000f80d900000) (1024K)]
  0x0000021c09b91750 JavaThread "Unconstrained build operations Thread 146"        [_thread_blocked, id=27384, stack(0x000000f80d900000,0x000000f80da00000) (1024K)]
  0x0000021c09b90a30 JavaThread "Unconstrained build operations Thread 147"        [_thread_blocked, id=9756, stack(0x000000f80da00000,0x000000f80db00000) (1024K)]
  0x0000021c09b91de0 JavaThread "Unconstrained build operations Thread 148"        [_thread_blocked, id=6100, stack(0x000000f80db00000,0x000000f80dc00000) (1024K)]
  0x0000021c09b8e960 JavaThread "Unconstrained build operations Thread 149"        [_thread_blocked, id=28136, stack(0x000000f80dc00000,0x000000f80dd00000) (1024K)]
  0x0000021c09b92470 JavaThread "Unconstrained build operations Thread 150"        [_thread_blocked, id=29680, stack(0x000000f80dd00000,0x000000f80de00000) (1024K)]
  0x0000021c09b8eff0 JavaThread "Unconstrained build operations Thread 151"        [_thread_blocked, id=26696, stack(0x000000f80de00000,0x000000f80df00000) (1024K)]
  0x0000021c09b958f0 JavaThread "Unconstrained build operations Thread 152"        [_thread_blocked, id=22928, stack(0x000000f80df00000,0x000000f80e000000) (1024K)]
  0x0000021c09b92b00 JavaThread "Unconstrained build operations Thread 153"        [_thread_blocked, id=23364, stack(0x000000f80e000000,0x000000f80e100000) (1024K)]
  0x0000021c09b95260 JavaThread "Unconstrained build operations Thread 154"        [_thread_blocked, id=28312, stack(0x000000f80e100000,0x000000f80e200000) (1024K)]
  0x0000021c09b93190 JavaThread "Unconstrained build operations Thread 155"        [_thread_blocked, id=9864, stack(0x000000f80e200000,0x000000f80e300000) (1024K)]
  0x0000021c09b95f80 JavaThread "Unconstrained build operations Thread 156"        [_thread_blocked, id=7352, stack(0x000000f80e300000,0x000000f80e400000) (1024K)]
  0x0000021c09b96610 JavaThread "Unconstrained build operations Thread 157"        [_thread_blocked, id=22604, stack(0x000000f80e600000,0x000000f80e700000) (1024K)]
  0x0000021c09b94bd0 JavaThread "Unconstrained build operations Thread 158"        [_thread_blocked, id=27500, stack(0x000000f80e700000,0x000000f80e800000) (1024K)]
  0x0000021c09b93820 JavaThread "Unconstrained build operations Thread 159"        [_thread_blocked, id=25572, stack(0x000000f80e800000,0x000000f80e900000) (1024K)]
  0x0000021c09b93eb0 JavaThread "Unconstrained build operations Thread 160"        [_thread_blocked, id=27820, stack(0x000000f80e900000,0x000000f80ea00000) (1024K)]
  0x0000021c09b98050 JavaThread "RMI Scheduler(0)"           daemon [_thread_blocked, id=29148, stack(0x000000f809100000,0x000000f809200000) (1024K)]
  0x0000021c09b9ae40 JavaThread "RMI RenewClean-[127.0.0.1:17268,org.jetbrains.kotlin.daemon.common.LoopbackNetworkInterface$ClientLoopbackSocketFactory@15e3cfe0]" daemon [_thread_blocked, id=24876, stack(0x000000f80a200000,0x000000f80a300000) (1024K)]
  0x0000021c09b99a90 JavaThread "RMI GC Daemon"              daemon [_thread_blocked, id=1628, stack(0x000000f80ea00000,0x000000f80eb00000) (1024K)]
  0x0000021c09b98d70 JavaThread "RMI TCP Accept-0"           daemon [_thread_in_native, id=5188, stack(0x000000f80ec00000,0x000000f80ed00000) (1024K)]
  0x0000021c09b9b4d0 JavaThread "RMI Reaper"                        [_thread_blocked, id=15856, stack(0x000000f80ed00000,0x000000f80ee00000) (1024K)]
  0x0000021c09b9bb60 JavaThread "RMI TCP Connection(1)-127.0.0.1" daemon [_thread_in_native, id=28116, stack(0x000000f80ee00000,0x000000f80ef00000) (1024K)]
  0x0000021c0aeb5c10 JavaThread "ForkJoinPool-1-worker-1"    daemon [_thread_blocked, id=25116, stack(0x000000f804f00000,0x000000f805000000) (1024K)]
  0x0000021c0aeb9720 JavaThread "ForkJoinPool-1-worker-2"    daemon [_thread_blocked, id=22012, stack(0x000000f80eb00000,0x000000f80ec00000) (1024K)]
  0x0000021c0aeb7650 JavaThread "ForkJoinPool-1-worker-3"    daemon [_thread_blocked, id=28100, stack(0x000000f80ef00000,0x000000f80f000000) (1024K)]
  0x0000021c0aeb8a00 JavaThread "ForkJoinPool-1-worker-4"    daemon [_thread_blocked, id=27684, stack(0x000000f80f000000,0x000000f80f100000) (1024K)]
  0x0000021c0aeb7ce0 JavaThread "ForkJoinPool-1-worker-5"    daemon [_thread_blocked, id=25588, stack(0x000000f804d00000,0x000000f804e00000) (1024K)]
  0x0000021c0aeb9090 JavaThread "ForkJoinPool-1-worker-6"    daemon [_thread_blocked, id=3224, stack(0x000000f80f100000,0x000000f80f200000) (1024K)]
  0x0000021c0aeb62a0 JavaThread "ForkJoinPool-1-worker-7"    daemon [_thread_blocked, id=25140, stack(0x000000f80f200000,0x000000f80f300000) (1024K)]
  0x0000021c0aeb9db0 JavaThread "ForkJoinPool-1-worker-8"    daemon [_thread_blocked, id=29060, stack(0x000000f80f300000,0x000000f80f400000) (1024K)]
  0x0000021c0aeb6930 JavaThread "ForkJoinPool-1-worker-9"    daemon [_thread_blocked, id=22656, stack(0x000000f80f400000,0x000000f80f500000) (1024K)]
  0x0000021c0aeba440 JavaThread "ForkJoinPool-1-worker-10"   daemon [_thread_blocked, id=25108, stack(0x000000f80f500000,0x000000f80f600000) (1024K)]
  0x0000021c0aeb6fc0 JavaThread "ForkJoinPool-1-worker-11"   daemon [_thread_blocked, id=28820, stack(0x000000f80f600000,0x000000f80f700000) (1024K)]
  0x0000021c0aebaad0 JavaThread "ForkJoinPool-1-worker-12"   daemon [_thread_blocked, id=26752, stack(0x000000f80f700000,0x000000f80f800000) (1024K)]
  0x0000021c0ae9c530 JavaThread "ForkJoinPool-1-worker-13"   daemon [_thread_blocked, id=15424, stack(0x000000f80f800000,0x000000f80f900000) (1024K)]
  0x0000021c0ae9d250 JavaThread "ForkJoinPool-1-worker-14"   daemon [_thread_blocked, id=26840, stack(0x000000f80f900000,0x000000f80fa00000) (1024K)]
  0x0000021c0ae9ec90 JavaThread "ForkJoinPool-1-worker-15"   daemon [_thread_blocked, id=28984, stack(0x000000f80fa00000,0x000000f80fb00000) (1024K)]
  0x0000021c0ae9cbc0 JavaThread "ForkJoinPool-1-worker-16"   daemon [_thread_blocked, id=21388, stack(0x000000f80fb00000,0x000000f80fc00000) (1024K)]
=>0x0000021c053ac6c0 JavaThread "C2 CompilerThread1"         daemon [_thread_in_native, id=25812, stack(0x000000f80fc00000,0x000000f80fd00000) (1024K)]
  0x0000021c053aa4b0 JavaThread "C2 CompilerThread2"         daemon [_thread_in_native, id=1100, stack(0x000000f80fd00000,0x000000f80fe00000) (1024K)]
  0x0000021c04c43aa0 JavaThread "C2 CompilerThread3"         daemon [_thread_in_native, id=17864, stack(0x000000f80fe00000,0x000000f80ff00000) (1024K)]
  0x0000021c08075a40 JavaThread "WorkerExecutor Queue Thread 17"        [_thread_blocked, id=25508, stack(0x000000f80ff00000,0x000000f810000000) (1024K)]
  0x0000021c12b64600 JavaThread "C2 CompilerThread4"         daemon [_thread_in_native, id=8540, stack(0x000000f810000000,0x000000f810100000) (1024K)]
Total: 258

Other Threads:
  0x0000021c3c96a930 VMThread "VM Thread"                           [id=11576, stack(0x000000f87e900000,0x000000f87ea00000) (1024K)]
  0x0000021c3ca319e0 WatcherThread "VM Periodic Task Thread"        [id=29200, stack(0x000000f87e800000,0x000000f87e900000) (1024K)]
  0x0000021c1f5197d0 WorkerThread "GC Thread#0"                     [id=28516, stack(0x000000f87e300000,0x000000f87e400000) (1024K)]
  0x0000021c3ccc7230 WorkerThread "GC Thread#1"                     [id=20080, stack(0x000000f87f700000,0x000000f87f800000) (1024K)]
  0x0000021c7e068b40 WorkerThread "GC Thread#2"                     [id=20676, stack(0x000000f87f800000,0x000000f87f900000) (1024K)]
  0x0000021c3cdae590 WorkerThread "GC Thread#3"                     [id=25288, stack(0x000000f87f900000,0x000000f87fa00000) (1024K)]
  0x0000021c7e15bd20 WorkerThread "GC Thread#4"                     [id=27100, stack(0x000000f87fa00000,0x000000f87fb00000) (1024K)]
  0x0000021c04f5bdb0 WorkerThread "GC Thread#5"                     [id=9072, stack(0x000000f800c00000,0x000000f800d00000) (1024K)]
  0x0000021c041e16c0 WorkerThread "GC Thread#6"                     [id=17180, stack(0x000000f800d00000,0x000000f800e00000) (1024K)]
  0x0000021c05446810 WorkerThread "GC Thread#7"                     [id=25732, stack(0x000000f800e00000,0x000000f800f00000) (1024K)]
  0x0000021c05446470 WorkerThread "GC Thread#8"                     [id=27728, stack(0x000000f800f00000,0x000000f801000000) (1024K)]
  0x0000021c054460d0 WorkerThread "GC Thread#9"                     [id=25456, stack(0x000000f801000000,0x000000f801100000) (1024K)]
  0x0000021c05446f50 WorkerThread "GC Thread#10"                    [id=29540, stack(0x000000f801100000,0x000000f801200000) (1024K)]
  0x0000021c054472f0 WorkerThread "GC Thread#11"                    [id=13804, stack(0x000000f801200000,0x000000f801300000) (1024K)]
  0x0000021c05447690 WorkerThread "GC Thread#12"                    [id=6732, stack(0x000000f801300000,0x000000f801400000) (1024K)]
  0x0000021c1f52c550 ConcurrentGCThread "G1 Main Marker"            [id=23372, stack(0x000000f87e400000,0x000000f87e500000) (1024K)]
  0x0000021c1f52cf60 WorkerThread "G1 Conc#0"                       [id=6012, stack(0x000000f87e500000,0x000000f87e600000) (1024K)]
  0x0000021c05445d30 WorkerThread "G1 Conc#1"                       [id=27908, stack(0x000000f801400000,0x000000f801500000) (1024K)]
  0x0000021c05446bb0 WorkerThread "G1 Conc#2"                       [id=25020, stack(0x000000f801500000,0x000000f801600000) (1024K)]
  0x0000021c3c8a4b30 ConcurrentGCThread "G1 Refine#0"               [id=29548, stack(0x000000f87e600000,0x000000f87e700000) (1024K)]
  0x0000021c3c8a54b0 ConcurrentGCThread "G1 Service"                [id=21552, stack(0x000000f87e700000,0x000000f87e800000) (1024K)]
Total: 21

Threads with active compile tasks:
C2 CompilerThread0    45979 23976       4       com.android.tools.r8.graph.y5$$Lambda/0x0000021c3f1a1200::a (5 bytes)
C2 CompilerThread1    45979 23666 %     4       org.gradle.internal.instantiation.generator.AbstractClassGenerator::inspectType @ 107 (602 bytes)
C2 CompilerThread2    45979 24016       4       org.gradle.internal.instantiation.generator.AbstractClassGenerator$ClassMetadata::resolveTypeVariables (19 bytes)
C2 CompilerThread3    45979 23838       4       com.android.tools.r8.graph.f6$$Lambda/0x0000021c3f207d08::a (5 bytes)
C2 CompilerThread4    45980 24093       4       com.android.tools.r8.graph.la::b (97 bytes)
Total: 5

VM state: not at safepoint (normal execution)

VM Mutex/Monitor currently owned by a thread: None

Heap address: 0x0000000080000000, size: 2048 MB, Compressed Oops mode: 32-bit

CDS archive(s) mapped at: [0x0000021c3d000000-0x0000021c3dc90000-0x0000021c3dc90000), size 13172736, SharedBaseAddress: 0x0000021c3d000000, ArchiveRelocationMode: 1.
Compressed class space mapped at: 0x0000021c3e000000-0x0000021c7e000000, reserved size: 1073741824
Narrow klass base: 0x0000021c3d000000, Narrow klass shift: 0, Narrow klass range: 0x100000000

GC Precious Log:
 CardTable entry size: 512
 Card Set container configuration: InlinePtr #cards 5 size 8 Array Of Cards #cards 12 size 40 Howl #buckets 4 coarsen threshold 1843 Howl Bitmap #cards 512 size 80 coarsen threshold 460 Card regions per heap region 1 cards per card region 2048
 CPUs: 16 total, 16 available
 Memory: 15741M
 Large Page Support: Disabled
 NUMA Support: Disabled
 Compressed Oops: Enabled (32-bit)
 Heap Region Size: 1M
 Heap Min Capacity: 8M
 Heap Initial Capacity: 246M
 Heap Max Capacity: 2G
 Pre-touch: Disabled
 Parallel Workers: 13
 Concurrent Workers: 3
 Concurrent Refinement Workers: 13
 Periodic GC: Disabled

Heap:
 garbage-first heap   total 1131520K, used 704814K [0x0000000080000000, 0x0000000100000000)
  region size 1024K, 103 young (105472K), 12 survivors (12288K)
 Metaspace       used 135602K, committed 138240K, reserved 1179648K
  class space    used 18091K, committed 19392K, reserved 1048576K

Heap Regions: E=young(eden), S=young(survivor), O=old, HS=humongous(starts), HC=humongous(continues), CS=collection set, F=free, TAMS=top-at-mark-start, PB=parsable bottom
|   0|0x0000000080000000, 0x0000000080100000, 0x0000000080100000|100%|HS|  |TAMS 0x0000000080000000| PB 0x0000000080000000| Complete 
|   1|0x0000000080100000, 0x0000000080200000, 0x0000000080200000|100%|HC|  |TAMS 0x0000000080100000| PB 0x0000000080100000| Complete 
|   2|0x0000000080200000, 0x0000000080300000, 0x0000000080300000|100%|HC|  |TAMS 0x0000000080200000| PB 0x0000000080200000| Complete 
|   3|0x0000000080300000, 0x0000000080400000, 0x0000000080400000|100%| O|  |TAMS 0x0000000080300000| PB 0x0000000080300000| Untracked 
|   4|0x0000000080400000, 0x0000000080500000, 0x0000000080500000|100%| O|  |TAMS 0x0000000080400000| PB 0x0000000080400000| Untracked 
|   5|0x0000000080500000, 0x0000000080600000, 0x0000000080600000|100%| O|  |TAMS 0x0000000080500000| PB 0x0000000080500000| Untracked 
|   6|0x0000000080600000, 0x0000000080700000, 0x0000000080700000|100%|HS|  |TAMS 0x0000000080600000| PB 0x0000000080600000| Complete 
|   7|0x0000000080700000, 0x0000000080800000, 0x0000000080800000|100%| O|  |TAMS 0x0000000080700000| PB 0x0000000080700000| Untracked 
|   8|0x0000000080800000, 0x0000000080900000, 0x0000000080900000|100%| O|  |TAMS 0x0000000080800000| PB 0x0000000080800000| Untracked 
|   9|0x0000000080900000, 0x0000000080a00000, 0x0000000080a00000|100%| O|  |TAMS 0x0000000080900000| PB 0x0000000080900000| Untracked 
|  10|0x0000000080a00000, 0x0000000080b00000, 0x0000000080b00000|100%| O|  |TAMS 0x0000000080a00000| PB 0x0000000080a00000| Untracked 
|  11|0x0000000080b00000, 0x0000000080c00000, 0x0000000080c00000|100%| O|  |TAMS 0x0000000080b00000| PB 0x0000000080b00000| Untracked 
|  12|0x0000000080c00000, 0x0000000080d00000, 0x0000000080d00000|100%| O|  |TAMS 0x0000000080c00000| PB 0x0000000080c00000| Untracked 
|  13|0x0000000080d00000, 0x0000000080e00000, 0x0000000080e00000|100%| O|  |TAMS 0x0000000080d00000| PB 0x0000000080d00000| Untracked 
|  14|0x0000000080e00000, 0x0000000080f00000, 0x0000000080f00000|100%| O|  |TAMS 0x0000000080e00000| PB 0x0000000080e00000| Untracked 
|  15|0x0000000080f00000, 0x0000000081000000, 0x0000000081000000|100%| O|  |TAMS 0x0000000080f00000| PB 0x0000000080f00000| Untracked 
|  16|0x0000000081000000, 0x0000000081100000, 0x0000000081100000|100%| O|  |TAMS 0x0000000081000000| PB 0x0000000081000000| Untracked 
|  17|0x0000000081100000, 0x0000000081200000, 0x0000000081200000|100%| O|  |TAMS 0x0000000081100000| PB 0x0000000081100000| Untracked 
|  18|0x0000000081200000, 0x0000000081300000, 0x0000000081300000|100%| O|  |TAMS 0x0000000081200000| PB 0x0000000081200000| Untracked 
|  19|0x0000000081300000, 0x0000000081400000, 0x0000000081400000|100%| O|  |TAMS 0x0000000081300000| PB 0x0000000081300000| Untracked 
|  20|0x0000000081400000, 0x0000000081500000, 0x0000000081500000|100%| O|  |TAMS 0x0000000081400000| PB 0x0000000081400000| Untracked 
|  21|0x0000000081500000, 0x0000000081600000, 0x0000000081600000|100%| O|  |TAMS 0x0000000081500000| PB 0x0000000081500000| Untracked 
|  22|0x0000000081600000, 0x0000000081700000, 0x0000000081700000|100%| O|  |TAMS 0x0000000081600000| PB 0x0000000081600000| Untracked 
|  23|0x0000000081700000, 0x0000000081800000, 0x0000000081800000|100%| O|  |TAMS 0x0000000081700000| PB 0x0000000081700000| Untracked 
|  24|0x0000000081800000, 0x0000000081900000, 0x0000000081900000|100%| O|  |TAMS 0x0000000081800000| PB 0x0000000081800000| Untracked 
|  25|0x0000000081900000, 0x0000000081a00000, 0x0000000081a00000|100%| O|  |TAMS 0x0000000081900000| PB 0x0000000081900000| Untracked 
|  26|0x0000000081a00000, 0x0000000081b00000, 0x0000000081b00000|100%| O|  |TAMS 0x0000000081a00000| PB 0x0000000081a00000| Untracked 
|  27|0x0000000081b00000, 0x0000000081c00000, 0x0000000081c00000|100%| O|  |TAMS 0x0000000081b00000| PB 0x0000000081b00000| Untracked 
|  28|0x0000000081c00000, 0x0000000081d00000, 0x0000000081d00000|100%| O|  |TAMS 0x0000000081c00000| PB 0x0000000081c00000| Untracked 
|  29|0x0000000081d00000, 0x0000000081e00000, 0x0000000081e00000|100%| O|  |TAMS 0x0000000081d00000| PB 0x0000000081d00000| Untracked 
|  30|0x0000000081e00000, 0x0000000081f00000, 0x0000000081f00000|100%| O|  |TAMS 0x0000000081e00000| PB 0x0000000081e00000| Untracked 
|  31|0x0000000081f00000, 0x0000000082000000, 0x0000000082000000|100%| O|  |TAMS 0x0000000081f00000| PB 0x0000000081f00000| Untracked 
|  32|0x0000000082000000, 0x0000000082100000, 0x0000000082100000|100%| O|  |TAMS 0x0000000082000000| PB 0x0000000082000000| Untracked 
|  33|0x0000000082100000, 0x0000000082200000, 0x0000000082200000|100%| O|  |TAMS 0x0000000082100000| PB 0x0000000082100000| Untracked 
|  34|0x0000000082200000, 0x0000000082300000, 0x0000000082300000|100%| O|  |TAMS 0x0000000082200000| PB 0x0000000082200000| Untracked 
|  35|0x0000000082300000, 0x0000000082400000, 0x0000000082400000|100%|HS|  |TAMS 0x0000000082300000| PB 0x0000000082300000| Complete 
|  36|0x0000000082400000, 0x0000000082500000, 0x0000000082500000|100%|HS|  |TAMS 0x0000000082400000| PB 0x0000000082400000| Complete 
|  37|0x0000000082500000, 0x0000000082600000, 0x0000000082600000|100%| O|  |TAMS 0x0000000082500000| PB 0x0000000082500000| Untracked 
|  38|0x0000000082600000, 0x0000000082700000, 0x0000000082700000|100%|HS|  |TAMS 0x0000000082600000| PB 0x0000000082600000| Complete 
|  39|0x0000000082700000, 0x0000000082800000, 0x0000000082800000|100%|HC|  |TAMS 0x0000000082700000| PB 0x0000000082700000| Complete 
|  40|0x0000000082800000, 0x0000000082900000, 0x0000000082900000|100%|HS|  |TAMS 0x0000000082800000| PB 0x0000000082800000| Complete 
|  41|0x0000000082900000, 0x0000000082a00000, 0x0000000082a00000|100%|HS|  |TAMS 0x0000000082900000| PB 0x0000000082900000| Complete 
|  42|0x0000000082a00000, 0x0000000082b00000, 0x0000000082b00000|100%| O|  |TAMS 0x0000000082a00000| PB 0x0000000082a00000| Untracked 
|  43|0x0000000082b00000, 0x0000000082c00000, 0x0000000082c00000|100%|HS|  |TAMS 0x0000000082b00000| PB 0x0000000082b00000| Complete 
|  44|0x0000000082c00000, 0x0000000082d00000, 0x0000000082d00000|100%| O|  |TAMS 0x0000000082c00000| PB 0x0000000082c00000| Untracked 
|  45|0x0000000082d00000, 0x0000000082e00000, 0x0000000082e00000|100%| O|  |TAMS 0x0000000082d00000| PB 0x0000000082d00000| Untracked 
|  46|0x0000000082e00000, 0x0000000082f00000, 0x0000000082f00000|100%| O|  |TAMS 0x0000000082e00000| PB 0x0000000082e00000| Untracked 
|  47|0x0000000082f00000, 0x0000000083000000, 0x0000000083000000|100%|HS|  |TAMS 0x0000000082f00000| PB 0x0000000082f00000| Complete 
|  48|0x0000000083000000, 0x0000000083100000, 0x0000000083100000|100%| O|  |TAMS 0x0000000083000000| PB 0x0000000083000000| Untracked 
|  49|0x0000000083100000, 0x0000000083200000, 0x0000000083200000|100%| O|  |TAMS 0x0000000083100000| PB 0x0000000083100000| Untracked 
|  50|0x0000000083200000, 0x0000000083300000, 0x0000000083300000|100%| O|  |TAMS 0x0000000083200000| PB 0x0000000083200000| Untracked 
|  51|0x0000000083300000, 0x0000000083400000, 0x0000000083400000|100%| O|  |TAMS 0x0000000083300000| PB 0x0000000083300000| Untracked 
|  52|0x0000000083400000, 0x0000000083500000, 0x0000000083500000|100%|HS|  |TAMS 0x0000000083400000| PB 0x0000000083400000| Complete 
|  53|0x0000000083500000, 0x0000000083600000, 0x0000000083600000|100%|HC|  |TAMS 0x0000000083500000| PB 0x0000000083500000| Complete 
|  54|0x0000000083600000, 0x0000000083700000, 0x0000000083700000|100%| O|  |TAMS 0x0000000083600000| PB 0x0000000083600000| Untracked 
|  55|0x0000000083700000, 0x0000000083800000, 0x0000000083800000|100%| O|  |TAMS 0x0000000083700000| PB 0x0000000083700000| Untracked 
|  56|0x0000000083800000, 0x0000000083900000, 0x0000000083900000|100%| O|  |TAMS 0x0000000083800000| PB 0x0000000083800000| Untracked 
|  57|0x0000000083900000, 0x0000000083a00000, 0x0000000083a00000|100%| O|  |TAMS 0x0000000083900000| PB 0x0000000083900000| Untracked 
|  58|0x0000000083a00000, 0x0000000083b00000, 0x0000000083b00000|100%| O|  |TAMS 0x0000000083a00000| PB 0x0000000083a00000| Untracked 
|  59|0x0000000083b00000, 0x0000000083c00000, 0x0000000083c00000|100%|HS|  |TAMS 0x0000000083b00000| PB 0x0000000083b00000| Complete 
|  60|0x0000000083c00000, 0x0000000083d00000, 0x0000000083d00000|100%| O|  |TAMS 0x0000000083c00000| PB 0x0000000083c00000| Untracked 
|  61|0x0000000083d00000, 0x0000000083e00000, 0x0000000083e00000|100%| O|  |TAMS 0x0000000083d00000| PB 0x0000000083d00000| Untracked 
|  62|0x0000000083e00000, 0x0000000083f00000, 0x0000000083f00000|100%| O|  |TAMS 0x0000000083e00000| PB 0x0000000083e00000| Untracked 
|  63|0x0000000083f00000, 0x0000000084000000, 0x0000000084000000|100%| O|  |TAMS 0x0000000083f00000| PB 0x0000000083f00000| Untracked 
|  64|0x0000000084000000, 0x0000000084100000, 0x0000000084100000|100%| O|  |TAMS 0x0000000084000000| PB 0x0000000084000000| Untracked 
|  65|0x0000000084100000, 0x0000000084200000, 0x0000000084200000|100%| O|  |TAMS 0x0000000084100000| PB 0x0000000084100000| Untracked 
|  66|0x0000000084200000, 0x0000000084300000, 0x0000000084300000|100%| O|  |TAMS 0x0000000084200000| PB 0x0000000084200000| Untracked 
|  67|0x0000000084300000, 0x0000000084400000, 0x0000000084400000|100%| O|  |TAMS 0x0000000084300000| PB 0x0000000084300000| Untracked 
|  68|0x0000000084400000, 0x0000000084500000, 0x0000000084500000|100%| O|  |TAMS 0x0000000084400000| PB 0x0000000084400000| Untracked 
|  69|0x0000000084500000, 0x0000000084600000, 0x0000000084600000|100%| O|  |TAMS 0x0000000084500000| PB 0x0000000084500000| Untracked 
|  70|0x0000000084600000, 0x0000000084700000, 0x0000000084700000|100%| O|  |TAMS 0x0000000084600000| PB 0x0000000084600000| Untracked 
|  71|0x0000000084700000, 0x0000000084800000, 0x0000000084800000|100%| O|  |TAMS 0x0000000084700000| PB 0x0000000084700000| Untracked 
|  72|0x0000000084800000, 0x0000000084900000, 0x0000000084900000|100%| O|  |TAMS 0x0000000084800000| PB 0x0000000084800000| Untracked 
|  73|0x0000000084900000, 0x0000000084a00000, 0x0000000084a00000|100%| O|  |TAMS 0x0000000084900000| PB 0x0000000084900000| Untracked 
|  74|0x0000000084a00000, 0x0000000084b00000, 0x0000000084b00000|100%| O|  |TAMS 0x0000000084a00000| PB 0x0000000084a00000| Untracked 
|  75|0x0000000084b00000, 0x0000000084c00000, 0x0000000084c00000|100%| O|  |TAMS 0x0000000084b00000| PB 0x0000000084b00000| Untracked 
|  76|0x0000000084c00000, 0x0000000084d00000, 0x0000000084d00000|100%| O|  |TAMS 0x0000000084c00000| PB 0x0000000084c00000| Untracked 
|  77|0x0000000084d00000, 0x0000000084e00000, 0x0000000084e00000|100%| O|  |TAMS 0x0000000084d00000| PB 0x0000000084d00000| Untracked 
|  78|0x0000000084e00000, 0x0000000084f00000, 0x0000000084f00000|100%| O|  |TAMS 0x0000000084e00000| PB 0x0000000084e00000| Untracked 
|  79|0x0000000084f00000, 0x0000000085000000, 0x0000000085000000|100%| O|  |TAMS 0x0000000084f00000| PB 0x0000000084f00000| Untracked 
|  80|0x0000000085000000, 0x0000000085100000, 0x0000000085100000|100%| O|Cm|TAMS 0x0000000085000000| PB 0x0000000085000000| Complete 
|  81|0x0000000085100000, 0x0000000085200000, 0x0000000085200000|100%| O|  |TAMS 0x0000000085100000| PB 0x0000000085100000| Untracked 
|  82|0x0000000085200000, 0x0000000085300000, 0x0000000085300000|100%| O|  |TAMS 0x0000000085200000| PB 0x0000000085200000| Untracked 
|  83|0x0000000085300000, 0x0000000085400000, 0x0000000085400000|100%| O|  |TAMS 0x0000000085300000| PB 0x0000000085300000| Untracked 
|  84|0x0000000085400000, 0x0000000085500000, 0x0000000085500000|100%| O|  |TAMS 0x0000000085400000| PB 0x0000000085400000| Untracked 
|  85|0x0000000085500000, 0x0000000085600000, 0x0000000085600000|100%| O|  |TAMS 0x0000000085500000| PB 0x0000000085500000| Untracked 
|  86|0x0000000085600000, 0x0000000085700000, 0x0000000085700000|100%| O|  |TAMS 0x0000000085600000| PB 0x0000000085600000| Untracked 
|  87|0x0000000085700000, 0x0000000085800000, 0x0000000085800000|100%| O|  |TAMS 0x0000000085700000| PB 0x0000000085700000| Untracked 
|  88|0x0000000085800000, 0x0000000085900000, 0x0000000085900000|100%| O|  |TAMS 0x0000000085800000| PB 0x0000000085800000| Untracked 
|  89|0x0000000085900000, 0x0000000085a00000, 0x0000000085a00000|100%| O|  |TAMS 0x0000000085900000| PB 0x0000000085900000| Untracked 
|  90|0x0000000085a00000, 0x0000000085b00000, 0x0000000085b00000|100%| O|  |TAMS 0x0000000085a00000| PB 0x0000000085a00000| Untracked 
|  91|0x0000000085b00000, 0x0000000085c00000, 0x0000000085c00000|100%| O|  |TAMS 0x0000000085b00000| PB 0x0000000085b00000| Untracked 
|  92|0x0000000085c00000, 0x0000000085d00000, 0x0000000085d00000|100%| O|  |TAMS 0x0000000085c00000| PB 0x0000000085c00000| Untracked 
|  93|0x0000000085d00000, 0x0000000085e00000, 0x0000000085e00000|100%| O|  |TAMS 0x0000000085d00000| PB 0x0000000085d00000| Untracked 
|  94|0x0000000085e00000, 0x0000000085f00000, 0x0000000085f00000|100%| O|Cm|TAMS 0x0000000085e00000| PB 0x0000000085e00000| Complete 
|  95|0x0000000085f00000, 0x0000000086000000, 0x0000000086000000|100%| O|Cm|TAMS 0x0000000085f00000| PB 0x0000000085f00000| Complete 
|  96|0x0000000086000000, 0x0000000086100000, 0x0000000086100000|100%| O|Cm|TAMS 0x0000000086000000| PB 0x0000000086000000| Complete 
|  97|0x0000000086100000, 0x0000000086200000, 0x0000000086200000|100%| O|Cm|TAMS 0x0000000086100000| PB 0x0000000086100000| Complete 
|  98|0x0000000086200000, 0x0000000086300000, 0x0000000086300000|100%| O|  |TAMS 0x0000000086200000| PB 0x0000000086200000| Untracked 
|  99|0x0000000086300000, 0x0000000086400000, 0x0000000086400000|100%| O|  |TAMS 0x0000000086300000| PB 0x0000000086300000| Untracked 
| 100|0x0000000086400000, 0x0000000086500000, 0x0000000086500000|100%| O|  |TAMS 0x0000000086400000| PB 0x0000000086400000| Untracked 
| 101|0x0000000086500000, 0x0000000086600000, 0x0000000086600000|100%| O|  |TAMS 0x0000000086500000| PB 0x0000000086500000| Untracked 
| 102|0x0000000086600000, 0x0000000086700000, 0x0000000086700000|100%| O|  |TAMS 0x0000000086600000| PB 0x0000000086600000| Untracked 
| 103|0x0000000086700000, 0x0000000086800000, 0x0000000086800000|100%| O|  |TAMS 0x0000000086700000| PB 0x0000000086700000| Untracked 
| 104|0x0000000086800000, 0x0000000086900000, 0x0000000086900000|100%| O|  |TAMS 0x0000000086800000| PB 0x0000000086800000| Untracked 
| 105|0x0000000086900000, 0x0000000086a00000, 0x0000000086a00000|100%| O|  |TAMS 0x0000000086900000| PB 0x0000000086900000| Untracked 
| 106|0x0000000086a00000, 0x0000000086b00000, 0x0000000086b00000|100%| O|Cm|TAMS 0x0000000086a00000| PB 0x0000000086a00000| Complete 
| 107|0x0000000086b00000, 0x0000000086c00000, 0x0000000086c00000|100%| O|  |TAMS 0x0000000086b00000| PB 0x0000000086b00000| Untracked 
| 108|0x0000000086c00000, 0x0000000086d00000, 0x0000000086d00000|100%| O|  |TAMS 0x0000000086c00000| PB 0x0000000086c00000| Untracked 
| 109|0x0000000086d00000, 0x0000000086e00000, 0x0000000086e00000|100%| O|  |TAMS 0x0000000086d00000| PB 0x0000000086d00000| Untracked 
| 110|0x0000000086e00000, 0x0000000086f00000, 0x0000000086f00000|100%| O|  |TAMS 0x0000000086e00000| PB 0x0000000086e00000| Untracked 
| 111|0x0000000086f00000, 0x0000000087000000, 0x0000000087000000|100%| O|  |TAMS 0x0000000086f00000| PB 0x0000000086f00000| Untracked 
| 112|0x0000000087000000, 0x0000000087100000, 0x0000000087100000|100%| O|  |TAMS 0x0000000087000000| PB 0x0000000087000000| Untracked 
| 113|0x0000000087100000, 0x0000000087200000, 0x0000000087200000|100%| O|  |TAMS 0x0000000087100000| PB 0x0000000087100000| Untracked 
| 114|0x0000000087200000, 0x0000000087300000, 0x0000000087300000|100%| O|  |TAMS 0x0000000087200000| PB 0x0000000087200000| Untracked 
| 115|0x0000000087300000, 0x0000000087400000, 0x0000000087400000|100%| O|  |TAMS 0x0000000087300000| PB 0x0000000087300000| Untracked 
| 116|0x0000000087400000, 0x0000000087500000, 0x0000000087500000|100%|HS|  |TAMS 0x0000000087400000| PB 0x0000000087400000| Complete 
| 117|0x0000000087500000, 0x0000000087600000, 0x0000000087600000|100%|HS|  |TAMS 0x0000000087500000| PB 0x0000000087500000| Complete 
| 118|0x0000000087600000, 0x0000000087700000, 0x0000000087700000|100%| O|  |TAMS 0x0000000087600000| PB 0x0000000087600000| Untracked 
| 119|0x0000000087700000, 0x0000000087800000, 0x0000000087800000|100%| O|  |TAMS 0x0000000087700000| PB 0x0000000087700000| Untracked 
| 120|0x0000000087800000, 0x0000000087900000, 0x0000000087900000|100%| O|  |TAMS 0x0000000087800000| PB 0x0000000087800000| Untracked 
| 121|0x0000000087900000, 0x0000000087a00000, 0x0000000087a00000|100%| O|  |TAMS 0x0000000087900000| PB 0x0000000087900000| Untracked 
| 122|0x0000000087a00000, 0x0000000087b00000, 0x0000000087b00000|100%| O|  |TAMS 0x0000000087a00000| PB 0x0000000087a00000| Untracked 
| 123|0x0000000087b00000, 0x0000000087c00000, 0x0000000087c00000|100%| O|  |TAMS 0x0000000087b00000| PB 0x0000000087b00000| Untracked 
| 124|0x0000000087c00000, 0x0000000087d00000, 0x0000000087d00000|100%| O|  |TAMS 0x0000000087c00000| PB 0x0000000087c00000| Untracked 
| 125|0x0000000087d00000, 0x0000000087e00000, 0x0000000087e00000|100%| O|  |TAMS 0x0000000087d00000| PB 0x0000000087d00000| Untracked 
| 126|0x0000000087e00000, 0x0000000087f00000, 0x0000000087f00000|100%| O|  |TAMS 0x0000000087e00000| PB 0x0000000087e00000| Untracked 
| 127|0x0000000087f00000, 0x0000000088000000, 0x0000000088000000|100%|HS|  |TAMS 0x0000000087f00000| PB 0x0000000087f00000| Complete 
| 128|0x0000000088000000, 0x0000000088100000, 0x0000000088100000|100%|HS|  |TAMS 0x0000000088000000| PB 0x0000000088000000| Complete 
| 129|0x0000000088100000, 0x0000000088200000, 0x0000000088200000|100%| O|  |TAMS 0x0000000088100000| PB 0x0000000088100000| Untracked 
| 130|0x0000000088200000, 0x0000000088300000, 0x0000000088300000|100%|HS|  |TAMS 0x0000000088200000| PB 0x0000000088200000| Complete 
| 131|0x0000000088300000, 0x0000000088400000, 0x0000000088400000|100%| O|  |TAMS 0x0000000088300000| PB 0x0000000088300000| Untracked 
| 132|0x0000000088400000, 0x0000000088500000, 0x0000000088500000|100%| O|  |TAMS 0x0000000088400000| PB 0x0000000088400000| Untracked 
| 133|0x0000000088500000, 0x0000000088600000, 0x0000000088600000|100%| O|  |TAMS 0x0000000088500000| PB 0x0000000088500000| Untracked 
| 134|0x0000000088600000, 0x0000000088700000, 0x0000000088700000|100%| O|  |TAMS 0x0000000088600000| PB 0x0000000088600000| Untracked 
| 135|0x0000000088700000, 0x0000000088800000, 0x0000000088800000|100%|HS|  |TAMS 0x0000000088700000| PB 0x0000000088700000| Complete 
| 136|0x0000000088800000, 0x0000000088900000, 0x0000000088900000|100%| O|  |TAMS 0x0000000088800000| PB 0x0000000088800000| Untracked 
| 137|0x0000000088900000, 0x0000000088a00000, 0x0000000088a00000|100%| O|Cm|TAMS 0x0000000088900000| PB 0x0000000088900000| Complete 
| 138|0x0000000088a00000, 0x0000000088b00000, 0x0000000088b00000|100%| O|Cm|TAMS 0x0000000088a00000| PB 0x0000000088a00000| Complete 
| 139|0x0000000088b00000, 0x0000000088c00000, 0x0000000088c00000|100%|HS|  |TAMS 0x0000000088b00000| PB 0x0000000088b00000| Complete 
| 140|0x0000000088c00000, 0x0000000088d00000, 0x0000000088d00000|100%|HC|  |TAMS 0x0000000088c00000| PB 0x0000000088c00000| Complete 
| 141|0x0000000088d00000, 0x0000000088e00000, 0x0000000088e00000|100%|HS|  |TAMS 0x0000000088d00000| PB 0x0000000088d00000| Complete 
| 142|0x0000000088e00000, 0x0000000088f00000, 0x0000000088f00000|100%|HS|  |TAMS 0x0000000088e00000| PB 0x0000000088e00000| Complete 
| 143|0x0000000088f00000, 0x0000000089000000, 0x0000000089000000|100%|HS|  |TAMS 0x0000000088f00000| PB 0x0000000088f00000| Complete 
| 144|0x0000000089000000, 0x0000000089100000, 0x0000000089100000|100%|HS|  |TAMS 0x0000000089000000| PB 0x0000000089000000| Complete 
| 145|0x0000000089100000, 0x0000000089200000, 0x0000000089200000|100%|HS|  |TAMS 0x0000000089100000| PB 0x0000000089100000| Complete 
| 146|0x0000000089200000, 0x0000000089300000, 0x0000000089300000|100%| O|  |TAMS 0x0000000089200000| PB 0x0000000089200000| Untracked 
| 147|0x0000000089300000, 0x0000000089400000, 0x0000000089400000|100%|HS|  |TAMS 0x0000000089300000| PB 0x0000000089300000| Complete 
| 148|0x0000000089400000, 0x0000000089500000, 0x0000000089500000|100%|HC|  |TAMS 0x0000000089400000| PB 0x0000000089400000| Complete 
| 149|0x0000000089500000, 0x0000000089600000, 0x0000000089600000|100%|HS|  |TAMS 0x0000000089500000| PB 0x0000000089500000| Complete 
| 150|0x0000000089600000, 0x0000000089700000, 0x0000000089700000|100%| O|  |TAMS 0x0000000089600000| PB 0x0000000089600000| Untracked 
| 151|0x0000000089700000, 0x0000000089800000, 0x0000000089800000|100%|HS|  |TAMS 0x0000000089700000| PB 0x0000000089700000| Complete 
| 152|0x0000000089800000, 0x0000000089900000, 0x0000000089900000|100%|HC|  |TAMS 0x0000000089800000| PB 0x0000000089800000| Complete 
| 153|0x0000000089900000, 0x0000000089a00000, 0x0000000089a00000|100%| O|  |TAMS 0x0000000089900000| PB 0x0000000089900000| Untracked 
| 154|0x0000000089a00000, 0x0000000089b00000, 0x0000000089b00000|100%| O|  |TAMS 0x0000000089a00000| PB 0x0000000089a00000| Untracked 
| 155|0x0000000089b00000, 0x0000000089c00000, 0x0000000089c00000|100%| O|  |TAMS 0x0000000089b00000| PB 0x0000000089b00000| Untracked 
| 156|0x0000000089c00000, 0x0000000089d00000, 0x0000000089d00000|100%| O|  |TAMS 0x0000000089c00000| PB 0x0000000089c00000| Untracked 
| 157|0x0000000089d00000, 0x0000000089e00000, 0x0000000089e00000|100%| O|Cm|TAMS 0x0000000089d00000| PB 0x0000000089d00000| Complete 
| 158|0x0000000089e00000, 0x0000000089f00000, 0x0000000089f00000|100%| O|Cm|TAMS 0x0000000089e00000| PB 0x0000000089e00000| Complete 
| 159|0x0000000089f00000, 0x000000008a000000, 0x000000008a000000|100%| O|Cm|TAMS 0x0000000089f00000| PB 0x0000000089f00000| Complete 
| 160|0x000000008a000000, 0x000000008a100000, 0x000000008a100000|100%| O|  |TAMS 0x000000008a000000| PB 0x000000008a000000| Untracked 
| 161|0x000000008a100000, 0x000000008a100000, 0x000000008a200000|  0%| F|  |TAMS 0x000000008a100000| PB 0x000000008a100000| Untracked 
| 162|0x000000008a200000, 0x000000008a300000, 0x000000008a300000|100%| O|  |TAMS 0x000000008a200000| PB 0x000000008a200000| Untracked 
| 163|0x000000008a300000, 0x000000008a400000, 0x000000008a400000|100%|HS|  |TAMS 0x000000008a300000| PB 0x000000008a300000| Complete 
| 164|0x000000008a400000, 0x000000008a500000, 0x000000008a500000|100%|HS|  |TAMS 0x000000008a400000| PB 0x000000008a400000| Complete 
| 165|0x000000008a500000, 0x000000008a600000, 0x000000008a600000|100%|HC|  |TAMS 0x000000008a500000| PB 0x000000008a500000| Complete 
| 166|0x000000008a600000, 0x000000008a700000, 0x000000008a700000|100%| O|  |TAMS 0x000000008a600000| PB 0x000000008a600000| Untracked 
| 167|0x000000008a700000, 0x000000008a800000, 0x000000008a800000|100%|HS|  |TAMS 0x000000008a700000| PB 0x000000008a700000| Complete 
| 168|0x000000008a800000, 0x000000008a900000, 0x000000008a900000|100%|HC|  |TAMS 0x000000008a800000| PB 0x000000008a800000| Complete 
| 169|0x000000008a900000, 0x000000008aa00000, 0x000000008aa00000|100%| O|Cm|TAMS 0x000000008a900000| PB 0x000000008a900000| Complete 
| 170|0x000000008aa00000, 0x000000008ab00000, 0x000000008ab00000|100%| O|  |TAMS 0x000000008aa00000| PB 0x000000008aa00000| Untracked 
| 171|0x000000008ab00000, 0x000000008ac00000, 0x000000008ac00000|100%| O|  |TAMS 0x000000008ab00000| PB 0x000000008ab00000| Untracked 
| 172|0x000000008ac00000, 0x000000008ad00000, 0x000000008ad00000|100%| O|  |TAMS 0x000000008ac00000| PB 0x000000008ac00000| Untracked 
| 173|0x000000008ad00000, 0x000000008ae00000, 0x000000008ae00000|100%|HS|  |TAMS 0x000000008ad00000| PB 0x000000008ad00000| Complete 
| 174|0x000000008ae00000, 0x000000008af00000, 0x000000008af00000|100%|HC|  |TAMS 0x000000008ae00000| PB 0x000000008ae00000| Complete 
| 175|0x000000008af00000, 0x000000008b000000, 0x000000008b000000|100%|HC|  |TAMS 0x000000008af00000| PB 0x000000008af00000| Complete 
| 176|0x000000008b000000, 0x000000008b100000, 0x000000008b100000|100%|HS|  |TAMS 0x000000008b000000| PB 0x000000008b000000| Complete 
| 177|0x000000008b100000, 0x000000008b200000, 0x000000008b200000|100%|HC|  |TAMS 0x000000008b100000| PB 0x000000008b100000| Complete 
| 178|0x000000008b200000, 0x000000008b300000, 0x000000008b300000|100%|HC|  |TAMS 0x000000008b200000| PB 0x000000008b200000| Complete 
| 179|0x000000008b300000, 0x000000008b400000, 0x000000008b400000|100%| O|  |TAMS 0x000000008b300000| PB 0x000000008b300000| Untracked 
| 180|0x000000008b400000, 0x000000008b500000, 0x000000008b500000|100%|HS|  |TAMS 0x000000008b400000| PB 0x000000008b400000| Complete 
| 181|0x000000008b500000, 0x000000008b600000, 0x000000008b600000|100%|HC|  |TAMS 0x000000008b500000| PB 0x000000008b500000| Complete 
| 182|0x000000008b600000, 0x000000008b700000, 0x000000008b700000|100%| O|  |TAMS 0x000000008b600000| PB 0x000000008b600000| Untracked 
| 183|0x000000008b700000, 0x000000008b800000, 0x000000008b800000|100%| O|  |TAMS 0x000000008b700000| PB 0x000000008b700000| Untracked 
| 184|0x000000008b800000, 0x000000008b900000, 0x000000008b900000|100%| O|  |TAMS 0x000000008b800000| PB 0x000000008b800000| Untracked 
| 185|0x000000008b900000, 0x000000008ba00000, 0x000000008ba00000|100%| O|  |TAMS 0x000000008b900000| PB 0x000000008b900000| Untracked 
| 186|0x000000008ba00000, 0x000000008bb00000, 0x000000008bb00000|100%|HS|  |TAMS 0x000000008ba00000| PB 0x000000008ba00000| Complete 
| 187|0x000000008bb00000, 0x000000008bc00000, 0x000000008bc00000|100%|HC|  |TAMS 0x000000008bb00000| PB 0x000000008bb00000| Complete 
| 188|0x000000008bc00000, 0x000000008bd00000, 0x000000008bd00000|100%|HC|  |TAMS 0x000000008bc00000| PB 0x000000008bc00000| Complete 
| 189|0x000000008bd00000, 0x000000008be00000, 0x000000008be00000|100%| O|  |TAMS 0x000000008bd00000| PB 0x000000008bd00000| Untracked 
| 190|0x000000008be00000, 0x000000008bf00000, 0x000000008bf00000|100%| O|  |TAMS 0x000000008be00000| PB 0x000000008be00000| Untracked 
| 191|0x000000008bf00000, 0x000000008c000000, 0x000000008c000000|100%| O|  |TAMS 0x000000008bf00000| PB 0x000000008bf00000| Untracked 
| 192|0x000000008c000000, 0x000000008c100000, 0x000000008c100000|100%| O|  |TAMS 0x000000008c000000| PB 0x000000008c000000| Untracked 
| 193|0x000000008c100000, 0x000000008c200000, 0x000000008c200000|100%| O|  |TAMS 0x000000008c100000| PB 0x000000008c100000| Untracked 
| 194|0x000000008c200000, 0x000000008c300000, 0x000000008c300000|100%| O|Cm|TAMS 0x000000008c200000| PB 0x000000008c200000| Complete 
| 195|0x000000008c300000, 0x000000008c400000, 0x000000008c400000|100%|HS|  |TAMS 0x000000008c300000| PB 0x000000008c300000| Complete 
| 196|0x000000008c400000, 0x000000008c500000, 0x000000008c500000|100%|HC|  |TAMS 0x000000008c400000| PB 0x000000008c400000| Complete 
| 197|0x000000008c500000, 0x000000008c600000, 0x000000008c600000|100%|HC|  |TAMS 0x000000008c500000| PB 0x000000008c500000| Complete 
| 198|0x000000008c600000, 0x000000008c700000, 0x000000008c700000|100%|HC|  |TAMS 0x000000008c600000| PB 0x000000008c600000| Complete 
| 199|0x000000008c700000, 0x000000008c800000, 0x000000008c800000|100%|HS|  |TAMS 0x000000008c700000| PB 0x000000008c700000| Complete 
| 200|0x000000008c800000, 0x000000008c900000, 0x000000008c900000|100%|HC|  |TAMS 0x000000008c800000| PB 0x000000008c800000| Complete 
| 201|0x000000008c900000, 0x000000008ca00000, 0x000000008ca00000|100%|HC|  |TAMS 0x000000008c900000| PB 0x000000008c900000| Complete 
| 202|0x000000008ca00000, 0x000000008cb00000, 0x000000008cb00000|100%|HC|  |TAMS 0x000000008ca00000| PB 0x000000008ca00000| Complete 
| 203|0x000000008cb00000, 0x000000008cc00000, 0x000000008cc00000|100%|HS|  |TAMS 0x000000008cb00000| PB 0x000000008cb00000| Complete 
| 204|0x000000008cc00000, 0x000000008cd00000, 0x000000008cd00000|100%|HC|  |TAMS 0x000000008cc00000| PB 0x000000008cc00000| Complete 
| 205|0x000000008cd00000, 0x000000008ce00000, 0x000000008ce00000|100%|HC|  |TAMS 0x000000008cd00000| PB 0x000000008cd00000| Complete 
| 206|0x000000008ce00000, 0x000000008cf00000, 0x000000008cf00000|100%|HC|  |TAMS 0x000000008ce00000| PB 0x000000008ce00000| Complete 
| 207|0x000000008cf00000, 0x000000008d000000, 0x000000008d000000|100%|HS|  |TAMS 0x000000008cf00000| PB 0x000000008cf00000| Complete 
| 208|0x000000008d000000, 0x000000008d100000, 0x000000008d100000|100%|HC|  |TAMS 0x000000008d000000| PB 0x000000008d000000| Complete 
| 209|0x000000008d100000, 0x000000008d200000, 0x000000008d200000|100%|HS|  |TAMS 0x000000008d100000| PB 0x000000008d100000| Complete 
| 210|0x000000008d200000, 0x000000008d300000, 0x000000008d300000|100%|HC|  |TAMS 0x000000008d200000| PB 0x000000008d200000| Complete 
| 211|0x000000008d300000, 0x000000008d400000, 0x000000008d400000|100%|HC|  |TAMS 0x000000008d300000| PB 0x000000008d300000| Complete 
| 212|0x000000008d400000, 0x000000008d500000, 0x000000008d500000|100%|HS|  |TAMS 0x000000008d400000| PB 0x000000008d400000| Complete 
| 213|0x000000008d500000, 0x000000008d600000, 0x000000008d600000|100%|HC|  |TAMS 0x000000008d500000| PB 0x000000008d500000| Complete 
| 214|0x000000008d600000, 0x000000008d700000, 0x000000008d700000|100%|HC|  |TAMS 0x000000008d600000| PB 0x000000008d600000| Complete 
| 215|0x000000008d700000, 0x000000008d800000, 0x000000008d800000|100%|HS|  |TAMS 0x000000008d700000| PB 0x000000008d700000| Complete 
| 216|0x000000008d800000, 0x000000008d900000, 0x000000008d900000|100%|HC|  |TAMS 0x000000008d800000| PB 0x000000008d800000| Complete 
| 217|0x000000008d900000, 0x000000008da00000, 0x000000008da00000|100%|HC|  |TAMS 0x000000008d900000| PB 0x000000008d900000| Complete 
| 218|0x000000008da00000, 0x000000008db00000, 0x000000008db00000|100%| O|  |TAMS 0x000000008da00000| PB 0x000000008da00000| Untracked 
| 219|0x000000008db00000, 0x000000008dc00000, 0x000000008dc00000|100%| O|  |TAMS 0x000000008db00000| PB 0x000000008db00000| Untracked 
| 220|0x000000008dc00000, 0x000000008dc00000, 0x000000008dd00000|  0%| F|  |TAMS 0x000000008dc00000| PB 0x000000008dc00000| Untracked 
| 221|0x000000008dd00000, 0x000000008dd00000, 0x000000008de00000|  0%| F|  |TAMS 0x000000008dd00000| PB 0x000000008dd00000| Untracked 
| 222|0x000000008de00000, 0x000000008de00000, 0x000000008df00000|  0%| F|  |TAMS 0x000000008de00000| PB 0x000000008de00000| Untracked 
| 223|0x000000008df00000, 0x000000008df00000, 0x000000008e000000|  0%| F|  |TAMS 0x000000008df00000| PB 0x000000008df00000| Untracked 
| 224|0x000000008e000000, 0x000000008e000000, 0x000000008e100000|  0%| F|  |TAMS 0x000000008e000000| PB 0x000000008e000000| Untracked 
| 225|0x000000008e100000, 0x000000008e100000, 0x000000008e200000|  0%| F|  |TAMS 0x000000008e100000| PB 0x000000008e100000| Untracked 
| 226|0x000000008e200000, 0x000000008e300000, 0x000000008e300000|100%| O|  |TAMS 0x000000008e200000| PB 0x000000008e200000| Untracked 
| 227|0x000000008e300000, 0x000000008e300000, 0x000000008e400000|  0%| F|  |TAMS 0x000000008e300000| PB 0x000000008e300000| Untracked 
| 228|0x000000008e400000, 0x000000008e400000, 0x000000008e500000|  0%| F|  |TAMS 0x000000008e400000| PB 0x000000008e400000| Untracked 
| 229|0x000000008e500000, 0x000000008e500000, 0x000000008e600000|  0%| F|  |TAMS 0x000000008e500000| PB 0x000000008e500000| Untracked 
| 230|0x000000008e600000, 0x000000008e700000, 0x000000008e700000|100%| O|  |TAMS 0x000000008e600000| PB 0x000000008e600000| Untracked 
| 231|0x000000008e700000, 0x000000008e800000, 0x000000008e800000|100%| O|  |TAMS 0x000000008e700000| PB 0x000000008e700000| Untracked 
| 232|0x000000008e800000, 0x000000008e800000, 0x000000008e900000|  0%| F|  |TAMS 0x000000008e800000| PB 0x000000008e800000| Untracked 
| 233|0x000000008e900000, 0x000000008e900000, 0x000000008ea00000|  0%| F|  |TAMS 0x000000008e900000| PB 0x000000008e900000| Untracked 
| 234|0x000000008ea00000, 0x000000008eb00000, 0x000000008eb00000|100%| O|  |TAMS 0x000000008ea00000| PB 0x000000008ea00000| Untracked 
| 235|0x000000008eb00000, 0x000000008ec00000, 0x000000008ec00000|100%| O|  |TAMS 0x000000008eb00000| PB 0x000000008eb00000| Untracked 
| 236|0x000000008ec00000, 0x000000008ec00000, 0x000000008ed00000|  0%| F|  |TAMS 0x000000008ec00000| PB 0x000000008ec00000| Untracked 
| 237|0x000000008ed00000, 0x000000008ed00000, 0x000000008ee00000|  0%| F|  |TAMS 0x000000008ed00000| PB 0x000000008ed00000| Untracked 
| 238|0x000000008ee00000, 0x000000008ee00000, 0x000000008ef00000|  0%| F|  |TAMS 0x000000008ee00000| PB 0x000000008ee00000| Untracked 
| 239|0x000000008ef00000, 0x000000008f000000, 0x000000008f000000|100%| O|Cm|TAMS 0x000000008ef00000| PB 0x000000008ef00000| Complete 
| 240|0x000000008f000000, 0x000000008f000000, 0x000000008f100000|  0%| F|  |TAMS 0x000000008f000000| PB 0x000000008f000000| Untracked 
| 241|0x000000008f100000, 0x000000008f100000, 0x000000008f200000|  0%| F|  |TAMS 0x000000008f100000| PB 0x000000008f100000| Untracked 
| 242|0x000000008f200000, 0x000000008f200000, 0x000000008f300000|  0%| F|  |TAMS 0x000000008f200000| PB 0x000000008f200000| Untracked 
| 243|0x000000008f300000, 0x000000008f400000, 0x000000008f400000|100%| O|  |TAMS 0x000000008f300000| PB 0x000000008f300000| Untracked 
| 244|0x000000008f400000, 0x000000008f500000, 0x000000008f500000|100%| O|Cm|TAMS 0x000000008f400000| PB 0x000000008f400000| Complete 
| 245|0x000000008f500000, 0x000000008f500000, 0x000000008f600000|  0%| F|  |TAMS 0x000000008f500000| PB 0x000000008f500000| Untracked 
| 246|0x000000008f600000, 0x000000008f600000, 0x000000008f700000|  0%| F|  |TAMS 0x000000008f600000| PB 0x000000008f600000| Untracked 
| 247|0x000000008f700000, 0x000000008f700000, 0x000000008f800000|  0%| F|  |TAMS 0x000000008f700000| PB 0x000000008f700000| Untracked 
| 248|0x000000008f800000, 0x000000008f800000, 0x000000008f900000|  0%| F|  |TAMS 0x000000008f800000| PB 0x000000008f800000| Untracked 
| 249|0x000000008f900000, 0x000000008f900000, 0x000000008fa00000|  0%| F|  |TAMS 0x000000008f900000| PB 0x000000008f900000| Untracked 
| 250|0x000000008fa00000, 0x000000008fa00000, 0x000000008fb00000|  0%| F|  |TAMS 0x000000008fa00000| PB 0x000000008fa00000| Untracked 
| 251|0x000000008fb00000, 0x000000008fc00000, 0x000000008fc00000|100%| O|Cm|TAMS 0x000000008fb00000| PB 0x000000008fb00000| Complete 
| 252|0x000000008fc00000, 0x000000008fc00000, 0x000000008fd00000|  0%| F|  |TAMS 0x000000008fc00000| PB 0x000000008fc00000| Untracked 
| 253|0x000000008fd00000, 0x000000008fe00000, 0x000000008fe00000|100%| O|  |TAMS 0x000000008fd00000| PB 0x000000008fd00000| Untracked 
| 254|0x000000008fe00000, 0x000000008ff00000, 0x000000008ff00000|100%| O|  |TAMS 0x000000008fe00000| PB 0x000000008fe00000| Untracked 
| 255|0x000000008ff00000, 0x0000000090000000, 0x0000000090000000|100%| O|  |TAMS 0x000000008ff00000| PB 0x000000008ff00000| Untracked 
| 256|0x0000000090000000, 0x0000000090100000, 0x0000000090100000|100%| O|  |TAMS 0x0000000090000000| PB 0x0000000090000000| Untracked 
| 257|0x0000000090100000, 0x0000000090100000, 0x0000000090200000|  0%| F|  |TAMS 0x0000000090100000| PB 0x0000000090100000| Untracked 
| 258|0x0000000090200000, 0x0000000090200000, 0x0000000090300000|  0%| F|  |TAMS 0x0000000090200000| PB 0x0000000090200000| Untracked 
| 259|0x0000000090300000, 0x0000000090300000, 0x0000000090400000|  0%| F|  |TAMS 0x0000000090300000| PB 0x0000000090300000| Untracked 
| 260|0x0000000090400000, 0x0000000090400000, 0x0000000090500000|  0%| F|  |TAMS 0x0000000090400000| PB 0x0000000090400000| Untracked 
| 261|0x0000000090500000, 0x0000000090600000, 0x0000000090600000|100%|HS|  |TAMS 0x0000000090500000| PB 0x0000000090500000| Complete 
| 262|0x0000000090600000, 0x0000000090600000, 0x0000000090700000|  0%| F|  |TAMS 0x0000000090600000| PB 0x0000000090600000| Untracked 
| 263|0x0000000090700000, 0x0000000090800000, 0x0000000090800000|100%| O|  |TAMS 0x0000000090700000| PB 0x0000000090700000| Untracked 
| 264|0x0000000090800000, 0x0000000090800000, 0x0000000090900000|  0%| F|  |TAMS 0x0000000090800000| PB 0x0000000090800000| Untracked 
| 265|0x0000000090900000, 0x0000000090900000, 0x0000000090a00000|  0%| F|  |TAMS 0x0000000090900000| PB 0x0000000090900000| Untracked 
| 266|0x0000000090a00000, 0x0000000090a00000, 0x0000000090b00000|  0%| F|  |TAMS 0x0000000090a00000| PB 0x0000000090a00000| Untracked 
| 267|0x0000000090b00000, 0x0000000090c00000, 0x0000000090c00000|100%| O|  |TAMS 0x0000000090b00000| PB 0x0000000090b00000| Untracked 
| 268|0x0000000090c00000, 0x0000000090c00000, 0x0000000090d00000|  0%| F|  |TAMS 0x0000000090c00000| PB 0x0000000090c00000| Untracked 
| 269|0x0000000090d00000, 0x0000000090e00000, 0x0000000090e00000|100%| O|  |TAMS 0x0000000090d00000| PB 0x0000000090d00000| Untracked 
| 270|0x0000000090e00000, 0x0000000090f00000, 0x0000000090f00000|100%| O|  |TAMS 0x0000000090e00000| PB 0x0000000090e00000| Untracked 
| 271|0x0000000090f00000, 0x0000000091000000, 0x0000000091000000|100%| O|  |TAMS 0x0000000090f00000| PB 0x0000000090f00000| Untracked 
| 272|0x0000000091000000, 0x0000000091000000, 0x0000000091100000|  0%| F|  |TAMS 0x0000000091000000| PB 0x0000000091000000| Untracked 
| 273|0x0000000091100000, 0x0000000091100000, 0x0000000091200000|  0%| F|  |TAMS 0x0000000091100000| PB 0x0000000091100000| Untracked 
| 274|0x0000000091200000, 0x0000000091200000, 0x0000000091300000|  0%| F|  |TAMS 0x0000000091200000| PB 0x0000000091200000| Untracked 
| 275|0x0000000091300000, 0x0000000091300000, 0x0000000091400000|  0%| F|  |TAMS 0x0000000091300000| PB 0x0000000091300000| Untracked 
| 276|0x0000000091400000, 0x0000000091400000, 0x0000000091500000|  0%| F|  |TAMS 0x0000000091400000| PB 0x0000000091400000| Untracked 
| 277|0x0000000091500000, 0x0000000091500000, 0x0000000091600000|  0%| F|  |TAMS 0x0000000091500000| PB 0x0000000091500000| Untracked 
| 278|0x0000000091600000, 0x0000000091600000, 0x0000000091700000|  0%| F|  |TAMS 0x0000000091600000| PB 0x0000000091600000| Untracked 
| 279|0x0000000091700000, 0x0000000091800000, 0x0000000091800000|100%| O|  |TAMS 0x0000000091700000| PB 0x0000000091700000| Untracked 
| 280|0x0000000091800000, 0x0000000091900000, 0x0000000091900000|100%| O|  |TAMS 0x0000000091800000| PB 0x0000000091800000| Untracked 
| 281|0x0000000091900000, 0x0000000091a00000, 0x0000000091a00000|100%| O|  |TAMS 0x0000000091900000| PB 0x0000000091900000| Untracked 
| 282|0x0000000091a00000, 0x0000000091b00000, 0x0000000091b00000|100%| O|  |TAMS 0x0000000091a00000| PB 0x0000000091a00000| Untracked 
| 283|0x0000000091b00000, 0x0000000091c00000, 0x0000000091c00000|100%| O|  |TAMS 0x0000000091b00000| PB 0x0000000091b00000| Untracked 
| 284|0x0000000091c00000, 0x0000000091c00000, 0x0000000091d00000|  0%| F|  |TAMS 0x0000000091c00000| PB 0x0000000091c00000| Untracked 
| 285|0x0000000091d00000, 0x0000000091d00000, 0x0000000091e00000|  0%| F|  |TAMS 0x0000000091d00000| PB 0x0000000091d00000| Untracked 
| 286|0x0000000091e00000, 0x0000000091e00000, 0x0000000091f00000|  0%| F|  |TAMS 0x0000000091e00000| PB 0x0000000091e00000| Untracked 
| 287|0x0000000091f00000, 0x0000000092000000, 0x0000000092000000|100%| O|  |TAMS 0x0000000091f00000| PB 0x0000000091f00000| Untracked 
| 288|0x0000000092000000, 0x0000000092100000, 0x0000000092100000|100%| O|Cm|TAMS 0x0000000092000000| PB 0x0000000092000000| Complete 
| 289|0x0000000092100000, 0x0000000092200000, 0x0000000092200000|100%| O|  |TAMS 0x0000000092100000| PB 0x0000000092100000| Untracked 
| 290|0x0000000092200000, 0x0000000092300000, 0x0000000092300000|100%| O|  |TAMS 0x0000000092200000| PB 0x0000000092200000| Untracked 
| 291|0x0000000092300000, 0x0000000092400000, 0x0000000092400000|100%| O|  |TAMS 0x0000000092300000| PB 0x0000000092300000| Untracked 
| 292|0x0000000092400000, 0x0000000092400000, 0x0000000092500000|  0%| F|  |TAMS 0x0000000092400000| PB 0x0000000092400000| Untracked 
| 293|0x0000000092500000, 0x0000000092500000, 0x0000000092600000|  0%| F|  |TAMS 0x0000000092500000| PB 0x0000000092500000| Untracked 
| 294|0x0000000092600000, 0x0000000092600000, 0x0000000092700000|  0%| F|  |TAMS 0x0000000092600000| PB 0x0000000092600000| Untracked 
| 295|0x0000000092700000, 0x0000000092700000, 0x0000000092800000|  0%| F|  |TAMS 0x0000000092700000| PB 0x0000000092700000| Untracked 
| 296|0x0000000092800000, 0x0000000092900000, 0x0000000092900000|100%| O|  |TAMS 0x0000000092800000| PB 0x0000000092800000| Untracked 
| 297|0x0000000092900000, 0x0000000092a00000, 0x0000000092a00000|100%| O|  |TAMS 0x0000000092900000| PB 0x0000000092900000| Untracked 
| 298|0x0000000092a00000, 0x0000000092b00000, 0x0000000092b00000|100%| O|Cm|TAMS 0x0000000092a00000| PB 0x0000000092a00000| Complete 
| 299|0x0000000092b00000, 0x0000000092c00000, 0x0000000092c00000|100%| O|  |TAMS 0x0000000092b00000| PB 0x0000000092b00000| Untracked 
| 300|0x0000000092c00000, 0x0000000092d00000, 0x0000000092d00000|100%| O|  |TAMS 0x0000000092c00000| PB 0x0000000092c00000| Untracked 
| 301|0x0000000092d00000, 0x0000000092e00000, 0x0000000092e00000|100%| O|Cm|TAMS 0x0000000092d00000| PB 0x0000000092d00000| Complete 
| 302|0x0000000092e00000, 0x0000000092f00000, 0x0000000092f00000|100%| O|  |TAMS 0x0000000092e00000| PB 0x0000000092e00000| Untracked 
| 303|0x0000000092f00000, 0x0000000093000000, 0x0000000093000000|100%| O|  |TAMS 0x0000000092f00000| PB 0x0000000092f00000| Untracked 
| 304|0x0000000093000000, 0x0000000093100000, 0x0000000093100000|100%| O|Cm|TAMS 0x0000000093000000| PB 0x0000000093000000| Complete 
| 305|0x0000000093100000, 0x0000000093200000, 0x0000000093200000|100%| O|Cm|TAMS 0x0000000093100000| PB 0x0000000093100000| Complete 
| 306|0x0000000093200000, 0x0000000093300000, 0x0000000093300000|100%| O|  |TAMS 0x0000000093200000| PB 0x0000000093200000| Untracked 
| 307|0x0000000093300000, 0x0000000093400000, 0x0000000093400000|100%| O|  |TAMS 0x0000000093300000| PB 0x0000000093300000| Untracked 
| 308|0x0000000093400000, 0x0000000093500000, 0x0000000093500000|100%| O|  |TAMS 0x0000000093400000| PB 0x0000000093400000| Untracked 
| 309|0x0000000093500000, 0x0000000093600000, 0x0000000093600000|100%| O|  |TAMS 0x0000000093500000| PB 0x0000000093500000| Untracked 
| 310|0x0000000093600000, 0x0000000093700000, 0x0000000093700000|100%| O|  |TAMS 0x0000000093600000| PB 0x0000000093600000| Untracked 
| 311|0x0000000093700000, 0x0000000093800000, 0x0000000093800000|100%| O|  |TAMS 0x0000000093700000| PB 0x0000000093700000| Untracked 
| 312|0x0000000093800000, 0x0000000093900000, 0x0000000093900000|100%| O|  |TAMS 0x0000000093800000| PB 0x0000000093800000| Untracked 
| 313|0x0000000093900000, 0x0000000093a00000, 0x0000000093a00000|100%| O|  |TAMS 0x0000000093900000| PB 0x0000000093900000| Untracked 
| 314|0x0000000093a00000, 0x0000000093b00000, 0x0000000093b00000|100%| O|  |TAMS 0x0000000093a00000| PB 0x0000000093a00000| Untracked 
| 315|0x0000000093b00000, 0x0000000093c00000, 0x0000000093c00000|100%| O|  |TAMS 0x0000000093b00000| PB 0x0000000093b00000| Untracked 
| 316|0x0000000093c00000, 0x0000000093d00000, 0x0000000093d00000|100%| O|  |TAMS 0x0000000093c00000| PB 0x0000000093c00000| Untracked 
| 317|0x0000000093d00000, 0x0000000093e00000, 0x0000000093e00000|100%| O|  |TAMS 0x0000000093d00000| PB 0x0000000093d00000| Untracked 
| 318|0x0000000093e00000, 0x0000000093f00000, 0x0000000093f00000|100%| O|  |TAMS 0x0000000093e00000| PB 0x0000000093e00000| Untracked 
| 319|0x0000000093f00000, 0x0000000094000000, 0x0000000094000000|100%| O|  |TAMS 0x0000000093f00000| PB 0x0000000093f00000| Untracked 
| 320|0x0000000094000000, 0x0000000094100000, 0x0000000094100000|100%| O|  |TAMS 0x0000000094000000| PB 0x0000000094000000| Untracked 
| 321|0x0000000094100000, 0x0000000094200000, 0x0000000094200000|100%| O|  |TAMS 0x0000000094100000| PB 0x0000000094100000| Untracked 
| 322|0x0000000094200000, 0x0000000094300000, 0x0000000094300000|100%| O|  |TAMS 0x0000000094200000| PB 0x0000000094200000| Untracked 
| 323|0x0000000094300000, 0x0000000094400000, 0x0000000094400000|100%| O|  |TAMS 0x0000000094300000| PB 0x0000000094300000| Untracked 
| 324|0x0000000094400000, 0x0000000094500000, 0x0000000094500000|100%| O|  |TAMS 0x0000000094400000| PB 0x0000000094400000| Untracked 
| 325|0x0000000094500000, 0x0000000094600000, 0x0000000094600000|100%| O|  |TAMS 0x0000000094500000| PB 0x0000000094500000| Untracked 
| 326|0x0000000094600000, 0x0000000094700000, 0x0000000094700000|100%| O|  |TAMS 0x0000000094600000| PB 0x0000000094600000| Untracked 
| 327|0x0000000094700000, 0x0000000094800000, 0x0000000094800000|100%| O|  |TAMS 0x0000000094700000| PB 0x0000000094700000| Untracked 
| 328|0x0000000094800000, 0x0000000094900000, 0x0000000094900000|100%| O|  |TAMS 0x0000000094800000| PB 0x0000000094800000| Untracked 
| 329|0x0000000094900000, 0x0000000094a00000, 0x0000000094a00000|100%| O|  |TAMS 0x0000000094900000| PB 0x0000000094900000| Untracked 
| 330|0x0000000094a00000, 0x0000000094b00000, 0x0000000094b00000|100%| O|  |TAMS 0x0000000094a00000| PB 0x0000000094a00000| Untracked 
| 331|0x0000000094b00000, 0x0000000094c00000, 0x0000000094c00000|100%| O|  |TAMS 0x0000000094b00000| PB 0x0000000094b00000| Untracked 
| 332|0x0000000094c00000, 0x0000000094d00000, 0x0000000094d00000|100%| O|  |TAMS 0x0000000094c00000| PB 0x0000000094c00000| Untracked 
| 333|0x0000000094d00000, 0x0000000094e00000, 0x0000000094e00000|100%| O|  |TAMS 0x0000000094d00000| PB 0x0000000094d00000| Untracked 
| 334|0x0000000094e00000, 0x0000000094f00000, 0x0000000094f00000|100%| O|  |TAMS 0x0000000094e00000| PB 0x0000000094e00000| Untracked 
| 335|0x0000000094f00000, 0x0000000095000000, 0x0000000095000000|100%| O|  |TAMS 0x0000000094f00000| PB 0x0000000094f00000| Untracked 
| 336|0x0000000095000000, 0x0000000095100000, 0x0000000095100000|100%| O|  |TAMS 0x0000000095000000| PB 0x0000000095000000| Untracked 
| 337|0x0000000095100000, 0x0000000095200000, 0x0000000095200000|100%| O|  |TAMS 0x0000000095100000| PB 0x0000000095100000| Untracked 
| 338|0x0000000095200000, 0x0000000095300000, 0x0000000095300000|100%| O|  |TAMS 0x0000000095200000| PB 0x0000000095200000| Untracked 
| 339|0x0000000095300000, 0x0000000095400000, 0x0000000095400000|100%| O|  |TAMS 0x0000000095300000| PB 0x0000000095300000| Untracked 
| 340|0x0000000095400000, 0x0000000095500000, 0x0000000095500000|100%| O|  |TAMS 0x0000000095400000| PB 0x0000000095400000| Untracked 
| 341|0x0000000095500000, 0x0000000095600000, 0x0000000095600000|100%| O|  |TAMS 0x0000000095500000| PB 0x0000000095500000| Untracked 
| 342|0x0000000095600000, 0x0000000095700000, 0x0000000095700000|100%| O|  |TAMS 0x0000000095600000| PB 0x0000000095600000| Untracked 
| 343|0x0000000095700000, 0x0000000095800000, 0x0000000095800000|100%| O|Cm|TAMS 0x0000000095700000| PB 0x0000000095700000| Complete 
| 344|0x0000000095800000, 0x0000000095900000, 0x0000000095900000|100%| O|Cm|TAMS 0x0000000095800000| PB 0x0000000095800000| Complete 
| 345|0x0000000095900000, 0x0000000095a00000, 0x0000000095a00000|100%| O|Cm|TAMS 0x0000000095900000| PB 0x0000000095900000| Complete 
| 346|0x0000000095a00000, 0x0000000095b00000, 0x0000000095b00000|100%| O|Cm|TAMS 0x0000000095a00000| PB 0x0000000095a00000| Complete 
| 347|0x0000000095b00000, 0x0000000095c00000, 0x0000000095c00000|100%| O|  |TAMS 0x0000000095b00000| PB 0x0000000095b00000| Untracked 
| 348|0x0000000095c00000, 0x0000000095d00000, 0x0000000095d00000|100%| O|  |TAMS 0x0000000095c00000| PB 0x0000000095c00000| Untracked 
| 349|0x0000000095d00000, 0x0000000095e00000, 0x0000000095e00000|100%| O|Cm|TAMS 0x0000000095d00000| PB 0x0000000095d00000| Complete 
| 350|0x0000000095e00000, 0x0000000095f00000, 0x0000000095f00000|100%| O|Cm|TAMS 0x0000000095e00000| PB 0x0000000095e00000| Complete 
| 351|0x0000000095f00000, 0x0000000096000000, 0x0000000096000000|100%| O|  |TAMS 0x0000000095f00000| PB 0x0000000095f00000| Untracked 
| 352|0x0000000096000000, 0x0000000096100000, 0x0000000096100000|100%| O|  |TAMS 0x0000000096000000| PB 0x0000000096000000| Untracked 
| 353|0x0000000096100000, 0x0000000096200000, 0x0000000096200000|100%| O|  |TAMS 0x0000000096100000| PB 0x0000000096100000| Untracked 
| 354|0x0000000096200000, 0x0000000096300000, 0x0000000096300000|100%| O|  |TAMS 0x0000000096200000| PB 0x0000000096200000| Untracked 
| 355|0x0000000096300000, 0x0000000096400000, 0x0000000096400000|100%| O|  |TAMS 0x0000000096300000| PB 0x0000000096300000| Untracked 
| 356|0x0000000096400000, 0x0000000096500000, 0x0000000096500000|100%| O|  |TAMS 0x0000000096400000| PB 0x0000000096400000| Untracked 
| 357|0x0000000096500000, 0x0000000096600000, 0x0000000096600000|100%| O|  |TAMS 0x0000000096500000| PB 0x0000000096500000| Untracked 
| 358|0x0000000096600000, 0x0000000096700000, 0x0000000096700000|100%| O|  |TAMS 0x0000000096600000| PB 0x0000000096600000| Untracked 
| 359|0x0000000096700000, 0x0000000096800000, 0x0000000096800000|100%| O|  |TAMS 0x0000000096700000| PB 0x0000000096700000| Untracked 
| 360|0x0000000096800000, 0x0000000096900000, 0x0000000096900000|100%| O|  |TAMS 0x0000000096800000| PB 0x0000000096800000| Untracked 
| 361|0x0000000096900000, 0x0000000096a00000, 0x0000000096a00000|100%| O|  |TAMS 0x0000000096900000| PB 0x0000000096900000| Untracked 
| 362|0x0000000096a00000, 0x0000000096b00000, 0x0000000096b00000|100%| O|  |TAMS 0x0000000096a00000| PB 0x0000000096a00000| Untracked 
| 363|0x0000000096b00000, 0x0000000096c00000, 0x0000000096c00000|100%| O|  |TAMS 0x0000000096b00000| PB 0x0000000096b00000| Untracked 
| 364|0x0000000096c00000, 0x0000000096d00000, 0x0000000096d00000|100%| O|  |TAMS 0x0000000096c00000| PB 0x0000000096c00000| Untracked 
| 365|0x0000000096d00000, 0x0000000096e00000, 0x0000000096e00000|100%| O|  |TAMS 0x0000000096d00000| PB 0x0000000096d00000| Untracked 
| 366|0x0000000096e00000, 0x0000000096f00000, 0x0000000096f00000|100%| O|  |TAMS 0x0000000096e00000| PB 0x0000000096e00000| Untracked 
| 367|0x0000000096f00000, 0x0000000097000000, 0x0000000097000000|100%| O|  |TAMS 0x0000000096f00000| PB 0x0000000096f00000| Untracked 
| 368|0x0000000097000000, 0x0000000097100000, 0x0000000097100000|100%| O|  |TAMS 0x0000000097000000| PB 0x0000000097000000| Untracked 
| 369|0x0000000097100000, 0x0000000097200000, 0x0000000097200000|100%| O|  |TAMS 0x0000000097100000| PB 0x0000000097100000| Untracked 
| 370|0x0000000097200000, 0x0000000097300000, 0x0000000097300000|100%| O|  |TAMS 0x0000000097200000| PB 0x0000000097200000| Untracked 
| 371|0x0000000097300000, 0x0000000097400000, 0x0000000097400000|100%| O|  |TAMS 0x0000000097300000| PB 0x0000000097300000| Untracked 
| 372|0x0000000097400000, 0x0000000097500000, 0x0000000097500000|100%| O|  |TAMS 0x0000000097400000| PB 0x0000000097400000| Untracked 
| 373|0x0000000097500000, 0x0000000097600000, 0x0000000097600000|100%| O|  |TAMS 0x0000000097500000| PB 0x0000000097500000| Untracked 
| 374|0x0000000097600000, 0x0000000097700000, 0x0000000097700000|100%| O|  |TAMS 0x0000000097600000| PB 0x0000000097600000| Untracked 
| 375|0x0000000097700000, 0x0000000097800000, 0x0000000097800000|100%| O|  |TAMS 0x0000000097700000| PB 0x0000000097700000| Untracked 
| 376|0x0000000097800000, 0x0000000097900000, 0x0000000097900000|100%| O|  |TAMS 0x0000000097800000| PB 0x0000000097800000| Untracked 
| 377|0x0000000097900000, 0x0000000097a00000, 0x0000000097a00000|100%| O|  |TAMS 0x0000000097900000| PB 0x0000000097900000| Untracked 
| 378|0x0000000097a00000, 0x0000000097b00000, 0x0000000097b00000|100%| O|  |TAMS 0x0000000097a00000| PB 0x0000000097a00000| Untracked 
| 379|0x0000000097b00000, 0x0000000097c00000, 0x0000000097c00000|100%| O|Cm|TAMS 0x0000000097b00000| PB 0x0000000097b00000| Complete 
| 380|0x0000000097c00000, 0x0000000097d00000, 0x0000000097d00000|100%| O|Cm|TAMS 0x0000000097c00000| PB 0x0000000097c00000| Complete 
| 381|0x0000000097d00000, 0x0000000097e00000, 0x0000000097e00000|100%| O|Cm|TAMS 0x0000000097d00000| PB 0x0000000097d00000| Complete 
| 382|0x0000000097e00000, 0x0000000097f00000, 0x0000000097f00000|100%| O|  |TAMS 0x0000000097e00000| PB 0x0000000097e00000| Untracked 
| 383|0x0000000097f00000, 0x0000000098000000, 0x0000000098000000|100%| O|  |TAMS 0x0000000097f00000| PB 0x0000000097f00000| Untracked 
| 384|0x0000000098000000, 0x0000000098100000, 0x0000000098100000|100%| O|  |TAMS 0x0000000098000000| PB 0x0000000098000000| Untracked 
| 385|0x0000000098100000, 0x0000000098200000, 0x0000000098200000|100%| O|  |TAMS 0x0000000098100000| PB 0x0000000098100000| Untracked 
| 386|0x0000000098200000, 0x0000000098300000, 0x0000000098300000|100%| O|  |TAMS 0x0000000098200000| PB 0x0000000098200000| Untracked 
| 387|0x0000000098300000, 0x0000000098400000, 0x0000000098400000|100%| O|Cm|TAMS 0x0000000098300000| PB 0x0000000098300000| Complete 
| 388|0x0000000098400000, 0x0000000098500000, 0x0000000098500000|100%| O|  |TAMS 0x0000000098400000| PB 0x0000000098400000| Untracked 
| 389|0x0000000098500000, 0x0000000098500000, 0x0000000098600000|  0%| F|  |TAMS 0x0000000098500000| PB 0x0000000098500000| Untracked 
| 390|0x0000000098600000, 0x0000000098600000, 0x0000000098700000|  0%| F|  |TAMS 0x0000000098600000| PB 0x0000000098600000| Untracked 
| 391|0x0000000098700000, 0x0000000098800000, 0x0000000098800000|100%| O|  |TAMS 0x0000000098700000| PB 0x0000000098700000| Untracked 
| 392|0x0000000098800000, 0x0000000098900000, 0x0000000098900000|100%| O|Cm|TAMS 0x0000000098800000| PB 0x0000000098800000| Complete 
| 393|0x0000000098900000, 0x0000000098a00000, 0x0000000098a00000|100%| O|  |TAMS 0x0000000098900000| PB 0x0000000098900000| Untracked 
| 394|0x0000000098a00000, 0x0000000098b00000, 0x0000000098b00000|100%| O|  |TAMS 0x0000000098a00000| PB 0x0000000098a00000| Untracked 
| 395|0x0000000098b00000, 0x0000000098c00000, 0x0000000098c00000|100%| O|  |TAMS 0x0000000098b00000| PB 0x0000000098b00000| Untracked 
| 396|0x0000000098c00000, 0x0000000098d00000, 0x0000000098d00000|100%| O|  |TAMS 0x0000000098c00000| PB 0x0000000098c00000| Untracked 
| 397|0x0000000098d00000, 0x0000000098e00000, 0x0000000098e00000|100%| O|  |TAMS 0x0000000098d00000| PB 0x0000000098d00000| Untracked 
| 398|0x0000000098e00000, 0x0000000098f00000, 0x0000000098f00000|100%| O|  |TAMS 0x0000000098e00000| PB 0x0000000098e00000| Untracked 
| 399|0x0000000098f00000, 0x0000000099000000, 0x0000000099000000|100%| O|  |TAMS 0x0000000098f00000| PB 0x0000000098f00000| Untracked 
| 400|0x0000000099000000, 0x0000000099100000, 0x0000000099100000|100%| O|  |TAMS 0x0000000099000000| PB 0x0000000099000000| Untracked 
| 401|0x0000000099100000, 0x0000000099200000, 0x0000000099200000|100%| O|  |TAMS 0x0000000099100000| PB 0x0000000099100000| Untracked 
| 402|0x0000000099200000, 0x0000000099300000, 0x0000000099300000|100%| O|  |TAMS 0x0000000099200000| PB 0x0000000099200000| Untracked 
| 403|0x0000000099300000, 0x0000000099400000, 0x0000000099400000|100%| O|  |TAMS 0x0000000099300000| PB 0x0000000099300000| Untracked 
| 404|0x0000000099400000, 0x0000000099500000, 0x0000000099500000|100%| O|  |TAMS 0x0000000099400000| PB 0x0000000099400000| Untracked 
| 405|0x0000000099500000, 0x0000000099600000, 0x0000000099600000|100%| O|  |TAMS 0x0000000099500000| PB 0x0000000099500000| Untracked 
| 406|0x0000000099600000, 0x0000000099700000, 0x0000000099700000|100%| O|  |TAMS 0x0000000099600000| PB 0x0000000099600000| Untracked 
| 407|0x0000000099700000, 0x0000000099800000, 0x0000000099800000|100%| O|  |TAMS 0x0000000099700000| PB 0x0000000099700000| Untracked 
| 408|0x0000000099800000, 0x0000000099900000, 0x0000000099900000|100%| O|  |TAMS 0x0000000099800000| PB 0x0000000099800000| Untracked 
| 409|0x0000000099900000, 0x0000000099a00000, 0x0000000099a00000|100%| O|  |TAMS 0x0000000099900000| PB 0x0000000099900000| Untracked 
| 410|0x0000000099a00000, 0x0000000099b00000, 0x0000000099b00000|100%| O|  |TAMS 0x0000000099a00000| PB 0x0000000099a00000| Untracked 
| 411|0x0000000099b00000, 0x0000000099c00000, 0x0000000099c00000|100%| O|  |TAMS 0x0000000099b00000| PB 0x0000000099b00000| Untracked 
| 412|0x0000000099c00000, 0x0000000099d00000, 0x0000000099d00000|100%| O|  |TAMS 0x0000000099c00000| PB 0x0000000099c00000| Untracked 
| 413|0x0000000099d00000, 0x0000000099e00000, 0x0000000099e00000|100%| O|  |TAMS 0x0000000099d00000| PB 0x0000000099d00000| Untracked 
| 414|0x0000000099e00000, 0x0000000099f00000, 0x0000000099f00000|100%| O|  |TAMS 0x0000000099e00000| PB 0x0000000099e00000| Untracked 
| 415|0x0000000099f00000, 0x000000009a000000, 0x000000009a000000|100%| O|  |TAMS 0x0000000099f00000| PB 0x0000000099f00000| Untracked 
| 416|0x000000009a000000, 0x000000009a100000, 0x000000009a100000|100%| O|  |TAMS 0x000000009a000000| PB 0x000000009a000000| Untracked 
| 417|0x000000009a100000, 0x000000009a200000, 0x000000009a200000|100%| O|  |TAMS 0x000000009a100000| PB 0x000000009a100000| Untracked 
| 418|0x000000009a200000, 0x000000009a300000, 0x000000009a300000|100%| O|  |TAMS 0x000000009a200000| PB 0x000000009a200000| Untracked 
| 419|0x000000009a300000, 0x000000009a400000, 0x000000009a400000|100%| O|  |TAMS 0x000000009a300000| PB 0x000000009a300000| Untracked 
| 420|0x000000009a400000, 0x000000009a500000, 0x000000009a500000|100%| O|  |TAMS 0x000000009a400000| PB 0x000000009a400000| Untracked 
| 421|0x000000009a500000, 0x000000009a600000, 0x000000009a600000|100%| O|  |TAMS 0x000000009a500000| PB 0x000000009a500000| Untracked 
| 422|0x000000009a600000, 0x000000009a700000, 0x000000009a700000|100%| O|  |TAMS 0x000000009a600000| PB 0x000000009a600000| Untracked 
| 423|0x000000009a700000, 0x000000009a800000, 0x000000009a800000|100%| O|  |TAMS 0x000000009a700000| PB 0x000000009a700000| Untracked 
| 424|0x000000009a800000, 0x000000009a900000, 0x000000009a900000|100%| O|  |TAMS 0x000000009a800000| PB 0x000000009a800000| Untracked 
| 425|0x000000009a900000, 0x000000009aa00000, 0x000000009aa00000|100%| O|  |TAMS 0x000000009a900000| PB 0x000000009a900000| Untracked 
| 426|0x000000009aa00000, 0x000000009ab00000, 0x000000009ab00000|100%| O|  |TAMS 0x000000009aa00000| PB 0x000000009aa00000| Untracked 
| 427|0x000000009ab00000, 0x000000009ac00000, 0x000000009ac00000|100%| O|  |TAMS 0x000000009ab00000| PB 0x000000009ab00000| Untracked 
| 428|0x000000009ac00000, 0x000000009ad00000, 0x000000009ad00000|100%| O|  |TAMS 0x000000009ac00000| PB 0x000000009ac00000| Untracked 
| 429|0x000000009ad00000, 0x000000009ae00000, 0x000000009ae00000|100%| O|  |TAMS 0x000000009ad00000| PB 0x000000009ad00000| Untracked 
| 430|0x000000009ae00000, 0x000000009af00000, 0x000000009af00000|100%| O|  |TAMS 0x000000009ae00000| PB 0x000000009ae00000| Untracked 
| 431|0x000000009af00000, 0x000000009b000000, 0x000000009b000000|100%| O|  |TAMS 0x000000009af00000| PB 0x000000009af00000| Untracked 
| 432|0x000000009b000000, 0x000000009b100000, 0x000000009b100000|100%| O|  |TAMS 0x000000009b000000| PB 0x000000009b000000| Untracked 
| 433|0x000000009b100000, 0x000000009b200000, 0x000000009b200000|100%| O|  |TAMS 0x000000009b100000| PB 0x000000009b100000| Untracked 
| 434|0x000000009b200000, 0x000000009b300000, 0x000000009b300000|100%| O|  |TAMS 0x000000009b200000| PB 0x000000009b200000| Untracked 
| 435|0x000000009b300000, 0x000000009b400000, 0x000000009b400000|100%| O|  |TAMS 0x000000009b300000| PB 0x000000009b300000| Untracked 
| 436|0x000000009b400000, 0x000000009b500000, 0x000000009b500000|100%| O|  |TAMS 0x000000009b400000| PB 0x000000009b400000| Untracked 
| 437|0x000000009b500000, 0x000000009b600000, 0x000000009b600000|100%| O|  |TAMS 0x000000009b500000| PB 0x000000009b500000| Untracked 
| 438|0x000000009b600000, 0x000000009b700000, 0x000000009b700000|100%| O|  |TAMS 0x000000009b600000| PB 0x000000009b600000| Untracked 
| 439|0x000000009b700000, 0x000000009b800000, 0x000000009b800000|100%| O|  |TAMS 0x000000009b700000| PB 0x000000009b700000| Untracked 
| 440|0x000000009b800000, 0x000000009b900000, 0x000000009b900000|100%| O|  |TAMS 0x000000009b800000| PB 0x000000009b800000| Untracked 
| 441|0x000000009b900000, 0x000000009ba00000, 0x000000009ba00000|100%| O|  |TAMS 0x000000009b900000| PB 0x000000009b900000| Untracked 
| 442|0x000000009ba00000, 0x000000009bb00000, 0x000000009bb00000|100%| O|  |TAMS 0x000000009ba00000| PB 0x000000009ba00000| Untracked 
| 443|0x000000009bb00000, 0x000000009bc00000, 0x000000009bc00000|100%| O|  |TAMS 0x000000009bb00000| PB 0x000000009bb00000| Untracked 
| 444|0x000000009bc00000, 0x000000009bd00000, 0x000000009bd00000|100%| O|  |TAMS 0x000000009bc00000| PB 0x000000009bc00000| Untracked 
| 445|0x000000009bd00000, 0x000000009be00000, 0x000000009be00000|100%| O|  |TAMS 0x000000009bd00000| PB 0x000000009bd00000| Untracked 
| 446|0x000000009be00000, 0x000000009bf00000, 0x000000009bf00000|100%| O|  |TAMS 0x000000009be00000| PB 0x000000009be00000| Untracked 
| 447|0x000000009bf00000, 0x000000009c000000, 0x000000009c000000|100%| O|  |TAMS 0x000000009bf00000| PB 0x000000009bf00000| Untracked 
| 448|0x000000009c000000, 0x000000009c100000, 0x000000009c100000|100%| O|  |TAMS 0x000000009c000000| PB 0x000000009c000000| Untracked 
| 449|0x000000009c100000, 0x000000009c200000, 0x000000009c200000|100%| O|  |TAMS 0x000000009c100000| PB 0x000000009c100000| Untracked 
| 450|0x000000009c200000, 0x000000009c300000, 0x000000009c300000|100%| O|  |TAMS 0x000000009c200000| PB 0x000000009c200000| Untracked 
| 451|0x000000009c300000, 0x000000009c400000, 0x000000009c400000|100%| O|  |TAMS 0x000000009c300000| PB 0x000000009c300000| Untracked 
| 452|0x000000009c400000, 0x000000009c500000, 0x000000009c500000|100%| O|  |TAMS 0x000000009c400000| PB 0x000000009c400000| Untracked 
| 453|0x000000009c500000, 0x000000009c600000, 0x000000009c600000|100%| O|  |TAMS 0x000000009c500000| PB 0x000000009c500000| Untracked 
| 454|0x000000009c600000, 0x000000009c700000, 0x000000009c700000|100%| O|  |TAMS 0x000000009c600000| PB 0x000000009c600000| Untracked 
| 455|0x000000009c700000, 0x000000009c800000, 0x000000009c800000|100%| O|  |TAMS 0x000000009c700000| PB 0x000000009c700000| Untracked 
| 456|0x000000009c800000, 0x000000009c900000, 0x000000009c900000|100%| O|  |TAMS 0x000000009c800000| PB 0x000000009c800000| Untracked 
| 457|0x000000009c900000, 0x000000009ca00000, 0x000000009ca00000|100%| O|Cm|TAMS 0x000000009c900000| PB 0x000000009c900000| Complete 
| 458|0x000000009ca00000, 0x000000009cb00000, 0x000000009cb00000|100%| O|  |TAMS 0x000000009ca00000| PB 0x000000009ca00000| Untracked 
| 459|0x000000009cb00000, 0x000000009cc00000, 0x000000009cc00000|100%| O|  |TAMS 0x000000009cb00000| PB 0x000000009cb00000| Untracked 
| 460|0x000000009cc00000, 0x000000009cd00000, 0x000000009cd00000|100%| O|  |TAMS 0x000000009cc00000| PB 0x000000009cc00000| Untracked 
| 461|0x000000009cd00000, 0x000000009ce00000, 0x000000009ce00000|100%| O|  |TAMS 0x000000009cd00000| PB 0x000000009cd00000| Untracked 
| 462|0x000000009ce00000, 0x000000009cf00000, 0x000000009cf00000|100%| O|  |TAMS 0x000000009ce00000| PB 0x000000009ce00000| Untracked 
| 463|0x000000009cf00000, 0x000000009d000000, 0x000000009d000000|100%| O|  |TAMS 0x000000009cf00000| PB 0x000000009cf00000| Untracked 
| 464|0x000000009d000000, 0x000000009d100000, 0x000000009d100000|100%| O|  |TAMS 0x000000009d000000| PB 0x000000009d000000| Untracked 
| 465|0x000000009d100000, 0x000000009d200000, 0x000000009d200000|100%| O|  |TAMS 0x000000009d100000| PB 0x000000009d100000| Untracked 
| 466|0x000000009d200000, 0x000000009d300000, 0x000000009d300000|100%| O|Cm|TAMS 0x000000009d200000| PB 0x000000009d200000| Complete 
| 467|0x000000009d300000, 0x000000009d400000, 0x000000009d400000|100%| O|Cm|TAMS 0x000000009d300000| PB 0x000000009d300000| Complete 
| 468|0x000000009d400000, 0x000000009d400000, 0x000000009d500000|  0%| F|  |TAMS 0x000000009d400000| PB 0x000000009d400000| Untracked 
| 469|0x000000009d500000, 0x000000009d500000, 0x000000009d600000|  0%| F|  |TAMS 0x000000009d500000| PB 0x000000009d500000| Untracked 
| 470|0x000000009d600000, 0x000000009d600000, 0x000000009d700000|  0%| F|  |TAMS 0x000000009d600000| PB 0x000000009d600000| Untracked 
| 471|0x000000009d700000, 0x000000009d800000, 0x000000009d800000|100%|HS|  |TAMS 0x000000009d700000| PB 0x000000009d700000| Complete 
| 472|0x000000009d800000, 0x000000009d900000, 0x000000009d900000|100%|HC|  |TAMS 0x000000009d800000| PB 0x000000009d800000| Complete 
| 473|0x000000009d900000, 0x000000009da00000, 0x000000009da00000|100%|HC|  |TAMS 0x000000009d900000| PB 0x000000009d900000| Complete 
| 474|0x000000009da00000, 0x000000009db00000, 0x000000009db00000|100%|HS|  |TAMS 0x000000009da00000| PB 0x000000009da00000| Complete 
| 475|0x000000009db00000, 0x000000009dc00000, 0x000000009dc00000|100%|HS|  |TAMS 0x000000009db00000| PB 0x000000009db00000| Complete 
| 476|0x000000009dc00000, 0x000000009dc00000, 0x000000009dd00000|  0%| F|  |TAMS 0x000000009dc00000| PB 0x000000009dc00000| Untracked 
| 477|0x000000009dd00000, 0x000000009dd00000, 0x000000009de00000|  0%| F|  |TAMS 0x000000009dd00000| PB 0x000000009dd00000| Untracked 
| 478|0x000000009de00000, 0x000000009de00000, 0x000000009df00000|  0%| F|  |TAMS 0x000000009de00000| PB 0x000000009de00000| Untracked 
| 479|0x000000009df00000, 0x000000009e000000, 0x000000009e000000|100%|HS|  |TAMS 0x000000009df00000| PB 0x000000009df00000| Complete 
| 480|0x000000009e000000, 0x000000009e100000, 0x000000009e100000|100%|HC|  |TAMS 0x000000009e000000| PB 0x000000009e000000| Complete 
| 481|0x000000009e100000, 0x000000009e200000, 0x000000009e200000|100%|HC|  |TAMS 0x000000009e100000| PB 0x000000009e100000| Complete 
| 482|0x000000009e200000, 0x000000009e300000, 0x000000009e300000|100%| O|  |TAMS 0x000000009e200000| PB 0x000000009e200000| Untracked 
| 483|0x000000009e300000, 0x000000009e400000, 0x000000009e400000|100%| O|  |TAMS 0x000000009e300000| PB 0x000000009e300000| Untracked 
| 484|0x000000009e400000, 0x000000009e500000, 0x000000009e500000|100%| O|  |TAMS 0x000000009e400000| PB 0x000000009e400000| Untracked 
| 485|0x000000009e500000, 0x000000009e600000, 0x000000009e600000|100%| O|  |TAMS 0x000000009e500000| PB 0x000000009e500000| Untracked 
| 486|0x000000009e600000, 0x000000009e700000, 0x000000009e700000|100%| O|  |TAMS 0x000000009e600000| PB 0x000000009e600000| Untracked 
| 487|0x000000009e700000, 0x000000009e800000, 0x000000009e800000|100%| O|  |TAMS 0x000000009e700000| PB 0x000000009e700000| Untracked 
| 488|0x000000009e800000, 0x000000009e900000, 0x000000009e900000|100%| O|  |TAMS 0x000000009e800000| PB 0x000000009e800000| Untracked 
| 489|0x000000009e900000, 0x000000009ea00000, 0x000000009ea00000|100%| O|  |TAMS 0x000000009e900000| PB 0x000000009e900000| Untracked 
| 490|0x000000009ea00000, 0x000000009eb00000, 0x000000009eb00000|100%| O|  |TAMS 0x000000009ea00000| PB 0x000000009ea00000| Untracked 
| 491|0x000000009eb00000, 0x000000009ec00000, 0x000000009ec00000|100%| O|  |TAMS 0x000000009eb00000| PB 0x000000009eb00000| Untracked 
| 492|0x000000009ec00000, 0x000000009ed00000, 0x000000009ed00000|100%| O|  |TAMS 0x000000009ec00000| PB 0x000000009ec00000| Untracked 
| 493|0x000000009ed00000, 0x000000009ee00000, 0x000000009ee00000|100%| O|  |TAMS 0x000000009ed00000| PB 0x000000009ed00000| Untracked 
| 494|0x000000009ee00000, 0x000000009ef00000, 0x000000009ef00000|100%| O|  |TAMS 0x000000009ee00000| PB 0x000000009ee00000| Untracked 
| 495|0x000000009ef00000, 0x000000009f000000, 0x000000009f000000|100%| O|  |TAMS 0x000000009ef00000| PB 0x000000009ef00000| Untracked 
| 496|0x000000009f000000, 0x000000009f100000, 0x000000009f100000|100%| O|  |TAMS 0x000000009f000000| PB 0x000000009f000000| Untracked 
| 497|0x000000009f100000, 0x000000009f200000, 0x000000009f200000|100%| O|  |TAMS 0x000000009f100000| PB 0x000000009f100000| Untracked 
| 498|0x000000009f200000, 0x000000009f300000, 0x000000009f300000|100%| O|  |TAMS 0x000000009f200000| PB 0x000000009f200000| Untracked 
| 499|0x000000009f300000, 0x000000009f400000, 0x000000009f400000|100%| O|  |TAMS 0x000000009f300000| PB 0x000000009f300000| Untracked 
| 500|0x000000009f400000, 0x000000009f500000, 0x000000009f500000|100%| O|  |TAMS 0x000000009f400000| PB 0x000000009f400000| Untracked 
| 501|0x000000009f500000, 0x000000009f600000, 0x000000009f600000|100%| O|  |TAMS 0x000000009f500000| PB 0x000000009f500000| Untracked 
| 502|0x000000009f600000, 0x000000009f700000, 0x000000009f700000|100%| O|  |TAMS 0x000000009f600000| PB 0x000000009f600000| Untracked 
| 503|0x000000009f700000, 0x000000009f800000, 0x000000009f800000|100%| O|  |TAMS 0x000000009f700000| PB 0x000000009f700000| Untracked 
| 504|0x000000009f800000, 0x000000009f900000, 0x000000009f900000|100%| O|  |TAMS 0x000000009f800000| PB 0x000000009f800000| Untracked 
| 505|0x000000009f900000, 0x000000009fa00000, 0x000000009fa00000|100%| O|  |TAMS 0x000000009f900000| PB 0x000000009f900000| Untracked 
| 506|0x000000009fa00000, 0x000000009fb00000, 0x000000009fb00000|100%| O|  |TAMS 0x000000009fa00000| PB 0x000000009fa00000| Untracked 
| 507|0x000000009fb00000, 0x000000009fc00000, 0x000000009fc00000|100%| O|  |TAMS 0x000000009fb00000| PB 0x000000009fb00000| Untracked 
| 508|0x000000009fc00000, 0x000000009fd00000, 0x000000009fd00000|100%| O|Cm|TAMS 0x000000009fc00000| PB 0x000000009fc00000| Complete 
| 509|0x000000009fd00000, 0x000000009fe00000, 0x000000009fe00000|100%| O|  |TAMS 0x000000009fd00000| PB 0x000000009fd00000| Untracked 
| 510|0x000000009fe00000, 0x000000009ff00000, 0x000000009ff00000|100%| O|  |TAMS 0x000000009fe00000| PB 0x000000009fe00000| Untracked 
| 511|0x000000009ff00000, 0x00000000a0000000, 0x00000000a0000000|100%| O|  |TAMS 0x000000009ff00000| PB 0x000000009ff00000| Untracked 
| 512|0x00000000a0000000, 0x00000000a0100000, 0x00000000a0100000|100%| O|  |TAMS 0x00000000a0000000| PB 0x00000000a0000000| Untracked 
| 513|0x00000000a0100000, 0x00000000a0200000, 0x00000000a0200000|100%| O|  |TAMS 0x00000000a0100000| PB 0x00000000a0100000| Untracked 
| 514|0x00000000a0200000, 0x00000000a0300000, 0x00000000a0300000|100%| O|  |TAMS 0x00000000a0200000| PB 0x00000000a0200000| Untracked 
| 515|0x00000000a0300000, 0x00000000a0400000, 0x00000000a0400000|100%| O|  |TAMS 0x00000000a0300000| PB 0x00000000a0300000| Untracked 
| 516|0x00000000a0400000, 0x00000000a0500000, 0x00000000a0500000|100%| O|  |TAMS 0x00000000a0400000| PB 0x00000000a0400000| Untracked 
| 517|0x00000000a0500000, 0x00000000a0600000, 0x00000000a0600000|100%| O|  |TAMS 0x00000000a0500000| PB 0x00000000a0500000| Untracked 
| 518|0x00000000a0600000, 0x00000000a0700000, 0x00000000a0700000|100%| O|  |TAMS 0x00000000a0600000| PB 0x00000000a0600000| Untracked 
| 519|0x00000000a0700000, 0x00000000a0800000, 0x00000000a0800000|100%| O|  |TAMS 0x00000000a0700000| PB 0x00000000a0700000| Untracked 
| 520|0x00000000a0800000, 0x00000000a0900000, 0x00000000a0900000|100%| O|  |TAMS 0x00000000a0800000| PB 0x00000000a0800000| Untracked 
| 521|0x00000000a0900000, 0x00000000a0a00000, 0x00000000a0a00000|100%| O|  |TAMS 0x00000000a0900000| PB 0x00000000a0900000| Untracked 
| 522|0x00000000a0a00000, 0x00000000a0b00000, 0x00000000a0b00000|100%| O|Cm|TAMS 0x00000000a0a00000| PB 0x00000000a0a00000| Complete 
| 523|0x00000000a0b00000, 0x00000000a0c00000, 0x00000000a0c00000|100%| O|Cm|TAMS 0x00000000a0b00000| PB 0x00000000a0b00000| Complete 
| 524|0x00000000a0c00000, 0x00000000a0d00000, 0x00000000a0d00000|100%| O|Cm|TAMS 0x00000000a0c00000| PB 0x00000000a0c00000| Complete 
| 525|0x00000000a0d00000, 0x00000000a0e00000, 0x00000000a0e00000|100%| O|  |TAMS 0x00000000a0d00000| PB 0x00000000a0d00000| Untracked 
| 526|0x00000000a0e00000, 0x00000000a0f00000, 0x00000000a0f00000|100%| O|Cm|TAMS 0x00000000a0e00000| PB 0x00000000a0e00000| Complete 
| 527|0x00000000a0f00000, 0x00000000a1000000, 0x00000000a1000000|100%| O|  |TAMS 0x00000000a0f00000| PB 0x00000000a0f00000| Untracked 
| 528|0x00000000a1000000, 0x00000000a1100000, 0x00000000a1100000|100%| O|  |TAMS 0x00000000a1000000| PB 0x00000000a1000000| Untracked 
| 529|0x00000000a1100000, 0x00000000a1200000, 0x00000000a1200000|100%| O|  |TAMS 0x00000000a1100000| PB 0x00000000a1100000| Untracked 
| 530|0x00000000a1200000, 0x00000000a1300000, 0x00000000a1300000|100%| O|  |TAMS 0x00000000a1200000| PB 0x00000000a1200000| Untracked 
| 531|0x00000000a1300000, 0x00000000a1400000, 0x00000000a1400000|100%| O|  |TAMS 0x00000000a1300000| PB 0x00000000a1300000| Untracked 
| 532|0x00000000a1400000, 0x00000000a1500000, 0x00000000a1500000|100%| O|  |TAMS 0x00000000a1400000| PB 0x00000000a1400000| Untracked 
| 533|0x00000000a1500000, 0x00000000a1600000, 0x00000000a1600000|100%| O|  |TAMS 0x00000000a1500000| PB 0x00000000a1500000| Untracked 
| 534|0x00000000a1600000, 0x00000000a1700000, 0x00000000a1700000|100%| O|  |TAMS 0x00000000a1600000| PB 0x00000000a1600000| Untracked 
| 535|0x00000000a1700000, 0x00000000a1800000, 0x00000000a1800000|100%| O|  |TAMS 0x00000000a1700000| PB 0x00000000a1700000| Untracked 
| 536|0x00000000a1800000, 0x00000000a1900000, 0x00000000a1900000|100%| O|  |TAMS 0x00000000a1800000| PB 0x00000000a1800000| Untracked 
| 537|0x00000000a1900000, 0x00000000a1a00000, 0x00000000a1a00000|100%| O|  |TAMS 0x00000000a1900000| PB 0x00000000a1900000| Untracked 
| 538|0x00000000a1a00000, 0x00000000a1b00000, 0x00000000a1b00000|100%| O|  |TAMS 0x00000000a1a00000| PB 0x00000000a1a00000| Untracked 
| 539|0x00000000a1b00000, 0x00000000a1c00000, 0x00000000a1c00000|100%| O|  |TAMS 0x00000000a1b00000| PB 0x00000000a1b00000| Untracked 
| 540|0x00000000a1c00000, 0x00000000a1d00000, 0x00000000a1d00000|100%| O|  |TAMS 0x00000000a1c00000| PB 0x00000000a1c00000| Untracked 
| 541|0x00000000a1d00000, 0x00000000a1e00000, 0x00000000a1e00000|100%| O|  |TAMS 0x00000000a1d00000| PB 0x00000000a1d00000| Untracked 
| 542|0x00000000a1e00000, 0x00000000a1f00000, 0x00000000a1f00000|100%| O|  |TAMS 0x00000000a1e00000| PB 0x00000000a1e00000| Untracked 
| 543|0x00000000a1f00000, 0x00000000a2000000, 0x00000000a2000000|100%| O|  |TAMS 0x00000000a1f00000| PB 0x00000000a1f00000| Untracked 
| 544|0x00000000a2000000, 0x00000000a2100000, 0x00000000a2100000|100%| O|  |TAMS 0x00000000a2000000| PB 0x00000000a2000000| Untracked 
| 545|0x00000000a2100000, 0x00000000a2200000, 0x00000000a2200000|100%| O|  |TAMS 0x00000000a2100000| PB 0x00000000a2100000| Untracked 
| 546|0x00000000a2200000, 0x00000000a2300000, 0x00000000a2300000|100%| O|  |TAMS 0x00000000a2200000| PB 0x00000000a2200000| Untracked 
| 547|0x00000000a2300000, 0x00000000a2400000, 0x00000000a2400000|100%| O|  |TAMS 0x00000000a2300000| PB 0x00000000a2300000| Untracked 
| 548|0x00000000a2400000, 0x00000000a2500000, 0x00000000a2500000|100%| O|  |TAMS 0x00000000a2400000| PB 0x00000000a2400000| Untracked 
| 549|0x00000000a2500000, 0x00000000a2600000, 0x00000000a2600000|100%| O|  |TAMS 0x00000000a2500000| PB 0x00000000a2500000| Untracked 
| 550|0x00000000a2600000, 0x00000000a2700000, 0x00000000a2700000|100%| O|  |TAMS 0x00000000a2600000| PB 0x00000000a2600000| Untracked 
| 551|0x00000000a2700000, 0x00000000a2800000, 0x00000000a2800000|100%| O|  |TAMS 0x00000000a2700000| PB 0x00000000a2700000| Untracked 
| 552|0x00000000a2800000, 0x00000000a2900000, 0x00000000a2900000|100%| O|  |TAMS 0x00000000a2800000| PB 0x00000000a2800000| Untracked 
| 553|0x00000000a2900000, 0x00000000a2a00000, 0x00000000a2a00000|100%| O|  |TAMS 0x00000000a2900000| PB 0x00000000a2900000| Untracked 
| 554|0x00000000a2a00000, 0x00000000a2b00000, 0x00000000a2b00000|100%| O|  |TAMS 0x00000000a2a00000| PB 0x00000000a2a00000| Untracked 
| 555|0x00000000a2b00000, 0x00000000a2c00000, 0x00000000a2c00000|100%| O|  |TAMS 0x00000000a2b00000| PB 0x00000000a2b00000| Untracked 
| 556|0x00000000a2c00000, 0x00000000a2d00000, 0x00000000a2d00000|100%| O|  |TAMS 0x00000000a2c00000| PB 0x00000000a2c00000| Untracked 
| 557|0x00000000a2d00000, 0x00000000a2e00000, 0x00000000a2e00000|100%| O|  |TAMS 0x00000000a2d00000| PB 0x00000000a2d00000| Untracked 
| 558|0x00000000a2e00000, 0x00000000a2f00000, 0x00000000a2f00000|100%| O|Cm|TAMS 0x00000000a2e00000| PB 0x00000000a2e00000| Complete 
| 559|0x00000000a2f00000, 0x00000000a3000000, 0x00000000a3000000|100%| O|Cm|TAMS 0x00000000a2f00000| PB 0x00000000a2f00000| Complete 
| 560|0x00000000a3000000, 0x00000000a3100000, 0x00000000a3100000|100%| O|Cm|TAMS 0x00000000a3000000| PB 0x00000000a3000000| Complete 
| 561|0x00000000a3100000, 0x00000000a3200000, 0x00000000a3200000|100%| O|Cm|TAMS 0x00000000a3100000| PB 0x00000000a3100000| Complete 
| 562|0x00000000a3200000, 0x00000000a3300000, 0x00000000a3300000|100%| O|  |TAMS 0x00000000a3200000| PB 0x00000000a3200000| Untracked 
| 563|0x00000000a3300000, 0x00000000a3400000, 0x00000000a3400000|100%| O|  |TAMS 0x00000000a3300000| PB 0x00000000a3300000| Untracked 
| 564|0x00000000a3400000, 0x00000000a3500000, 0x00000000a3500000|100%| O|  |TAMS 0x00000000a3400000| PB 0x00000000a3400000| Untracked 
| 565|0x00000000a3500000, 0x00000000a3600000, 0x00000000a3600000|100%| O|  |TAMS 0x00000000a3500000| PB 0x00000000a3500000| Untracked 
| 566|0x00000000a3600000, 0x00000000a3700000, 0x00000000a3700000|100%| O|  |TAMS 0x00000000a3600000| PB 0x00000000a3600000| Untracked 
| 567|0x00000000a3700000, 0x00000000a3800000, 0x00000000a3800000|100%| O|  |TAMS 0x00000000a3700000| PB 0x00000000a3700000| Untracked 
| 568|0x00000000a3800000, 0x00000000a3900000, 0x00000000a3900000|100%| O|  |TAMS 0x00000000a3800000| PB 0x00000000a3800000| Untracked 
| 569|0x00000000a3900000, 0x00000000a3a00000, 0x00000000a3a00000|100%| O|  |TAMS 0x00000000a3900000| PB 0x00000000a3900000| Untracked 
| 570|0x00000000a3a00000, 0x00000000a3b00000, 0x00000000a3b00000|100%| O|  |TAMS 0x00000000a3a00000| PB 0x00000000a3a00000| Untracked 
| 571|0x00000000a3b00000, 0x00000000a3c00000, 0x00000000a3c00000|100%| O|  |TAMS 0x00000000a3b00000| PB 0x00000000a3b00000| Untracked 
| 572|0x00000000a3c00000, 0x00000000a3d00000, 0x00000000a3d00000|100%| O|  |TAMS 0x00000000a3c00000| PB 0x00000000a3c00000| Untracked 
| 573|0x00000000a3d00000, 0x00000000a3e00000, 0x00000000a3e00000|100%| O|  |TAMS 0x00000000a3d00000| PB 0x00000000a3d00000| Untracked 
| 574|0x00000000a3e00000, 0x00000000a3f00000, 0x00000000a3f00000|100%| O|  |TAMS 0x00000000a3e00000| PB 0x00000000a3e00000| Untracked 
| 575|0x00000000a3f00000, 0x00000000a4000000, 0x00000000a4000000|100%| O|  |TAMS 0x00000000a3f00000| PB 0x00000000a3f00000| Untracked 
| 576|0x00000000a4000000, 0x00000000a4100000, 0x00000000a4100000|100%| O|  |TAMS 0x00000000a4000000| PB 0x00000000a4000000| Untracked 
| 577|0x00000000a4100000, 0x00000000a4200000, 0x00000000a4200000|100%| O|  |TAMS 0x00000000a4100000| PB 0x00000000a4100000| Untracked 
| 578|0x00000000a4200000, 0x00000000a4300000, 0x00000000a4300000|100%| O|  |TAMS 0x00000000a4200000| PB 0x00000000a4200000| Untracked 
| 579|0x00000000a4300000, 0x00000000a439fff0, 0x00000000a4400000| 62%| O|  |TAMS 0x00000000a4300000| PB 0x00000000a4300000| Untracked 
| 580|0x00000000a4400000, 0x00000000a4500000, 0x00000000a4500000|100%|HS|  |TAMS 0x00000000a4400000| PB 0x00000000a4400000| Complete 
| 581|0x00000000a4500000, 0x00000000a4500000, 0x00000000a4600000|  0%| F|  |TAMS 0x00000000a4500000| PB 0x00000000a4500000| Untracked 
| 582|0x00000000a4600000, 0x00000000a4600000, 0x00000000a4700000|  0%| F|  |TAMS 0x00000000a4600000| PB 0x00000000a4600000| Untracked 
| 583|0x00000000a4700000, 0x00000000a4700000, 0x00000000a4800000|  0%| F|  |TAMS 0x00000000a4700000| PB 0x00000000a4700000| Untracked 
| 584|0x00000000a4800000, 0x00000000a4800000, 0x00000000a4900000|  0%| F|  |TAMS 0x00000000a4800000| PB 0x00000000a4800000| Untracked 
| 585|0x00000000a4900000, 0x00000000a4900000, 0x00000000a4a00000|  0%| F|  |TAMS 0x00000000a4900000| PB 0x00000000a4900000| Untracked 
| 586|0x00000000a4a00000, 0x00000000a4a00000, 0x00000000a4b00000|  0%| F|  |TAMS 0x00000000a4a00000| PB 0x00000000a4a00000| Untracked 
| 587|0x00000000a4b00000, 0x00000000a4b00000, 0x00000000a4c00000|  0%| F|  |TAMS 0x00000000a4b00000| PB 0x00000000a4b00000| Untracked 
| 588|0x00000000a4c00000, 0x00000000a4c00000, 0x00000000a4d00000|  0%| F|  |TAMS 0x00000000a4c00000| PB 0x00000000a4c00000| Untracked 
| 589|0x00000000a4d00000, 0x00000000a4d00000, 0x00000000a4e00000|  0%| F|  |TAMS 0x00000000a4d00000| PB 0x00000000a4d00000| Untracked 
| 590|0x00000000a4e00000, 0x00000000a4e00000, 0x00000000a4f00000|  0%| F|  |TAMS 0x00000000a4e00000| PB 0x00000000a4e00000| Untracked 
| 591|0x00000000a4f00000, 0x00000000a4f00000, 0x00000000a5000000|  0%| F|  |TAMS 0x00000000a4f00000| PB 0x00000000a4f00000| Untracked 
| 592|0x00000000a5000000, 0x00000000a5000000, 0x00000000a5100000|  0%| F|  |TAMS 0x00000000a5000000| PB 0x00000000a5000000| Untracked 
| 593|0x00000000a5100000, 0x00000000a5100000, 0x00000000a5200000|  0%| F|  |TAMS 0x00000000a5100000| PB 0x00000000a5100000| Untracked 
| 594|0x00000000a5200000, 0x00000000a5200000, 0x00000000a5300000|  0%| F|  |TAMS 0x00000000a5200000| PB 0x00000000a5200000| Untracked 
| 595|0x00000000a5300000, 0x00000000a5300000, 0x00000000a5400000|  0%| F|  |TAMS 0x00000000a5300000| PB 0x00000000a5300000| Untracked 
| 596|0x00000000a5400000, 0x00000000a5400000, 0x00000000a5500000|  0%| F|  |TAMS 0x00000000a5400000| PB 0x00000000a5400000| Untracked 
| 597|0x00000000a5500000, 0x00000000a5500000, 0x00000000a5600000|  0%| F|  |TAMS 0x00000000a5500000| PB 0x00000000a5500000| Untracked 
| 598|0x00000000a5600000, 0x00000000a5600000, 0x00000000a5700000|  0%| F|  |TAMS 0x00000000a5600000| PB 0x00000000a5600000| Untracked 
| 599|0x00000000a5700000, 0x00000000a5700000, 0x00000000a5800000|  0%| F|  |TAMS 0x00000000a5700000| PB 0x00000000a5700000| Untracked 
| 600|0x00000000a5800000, 0x00000000a5800000, 0x00000000a5900000|  0%| F|  |TAMS 0x00000000a5800000| PB 0x00000000a5800000| Untracked 
| 601|0x00000000a5900000, 0x00000000a5900000, 0x00000000a5a00000|  0%| F|  |TAMS 0x00000000a5900000| PB 0x00000000a5900000| Untracked 
| 602|0x00000000a5a00000, 0x00000000a5a00000, 0x00000000a5b00000|  0%| F|  |TAMS 0x00000000a5a00000| PB 0x00000000a5a00000| Untracked 
| 603|0x00000000a5b00000, 0x00000000a5b00000, 0x00000000a5c00000|  0%| F|  |TAMS 0x00000000a5b00000| PB 0x00000000a5b00000| Untracked 
| 604|0x00000000a5c00000, 0x00000000a5c00000, 0x00000000a5d00000|  0%| F|  |TAMS 0x00000000a5c00000| PB 0x00000000a5c00000| Untracked 
| 605|0x00000000a5d00000, 0x00000000a5d00000, 0x00000000a5e00000|  0%| F|  |TAMS 0x00000000a5d00000| PB 0x00000000a5d00000| Untracked 
| 606|0x00000000a5e00000, 0x00000000a5e00000, 0x00000000a5f00000|  0%| F|  |TAMS 0x00000000a5e00000| PB 0x00000000a5e00000| Untracked 
| 607|0x00000000a5f00000, 0x00000000a5f00000, 0x00000000a6000000|  0%| F|  |TAMS 0x00000000a5f00000| PB 0x00000000a5f00000| Untracked 
| 608|0x00000000a6000000, 0x00000000a6000000, 0x00000000a6100000|  0%| F|  |TAMS 0x00000000a6000000| PB 0x00000000a6000000| Untracked 
| 609|0x00000000a6100000, 0x00000000a6100000, 0x00000000a6200000|  0%| F|  |TAMS 0x00000000a6100000| PB 0x00000000a6100000| Untracked 
| 610|0x00000000a6200000, 0x00000000a6200000, 0x00000000a6300000|  0%| F|  |TAMS 0x00000000a6200000| PB 0x00000000a6200000| Untracked 
| 611|0x00000000a6300000, 0x00000000a6300000, 0x00000000a6400000|  0%| F|  |TAMS 0x00000000a6300000| PB 0x00000000a6300000| Untracked 
| 612|0x00000000a6400000, 0x00000000a6400000, 0x00000000a6500000|  0%| F|  |TAMS 0x00000000a6400000| PB 0x00000000a6400000| Untracked 
| 613|0x00000000a6500000, 0x00000000a6500000, 0x00000000a6600000|  0%| F|  |TAMS 0x00000000a6500000| PB 0x00000000a6500000| Untracked 
| 614|0x00000000a6600000, 0x00000000a6600000, 0x00000000a6700000|  0%| F|  |TAMS 0x00000000a6600000| PB 0x00000000a6600000| Untracked 
| 615|0x00000000a6700000, 0x00000000a6700000, 0x00000000a6800000|  0%| F|  |TAMS 0x00000000a6700000| PB 0x00000000a6700000| Untracked 
| 616|0x00000000a6800000, 0x00000000a6800000, 0x00000000a6900000|  0%| F|  |TAMS 0x00000000a6800000| PB 0x00000000a6800000| Untracked 
| 617|0x00000000a6900000, 0x00000000a6900000, 0x00000000a6a00000|  0%| F|  |TAMS 0x00000000a6900000| PB 0x00000000a6900000| Untracked 
| 618|0x00000000a6a00000, 0x00000000a6a00000, 0x00000000a6b00000|  0%| F|  |TAMS 0x00000000a6a00000| PB 0x00000000a6a00000| Untracked 
| 619|0x00000000a6b00000, 0x00000000a6b00000, 0x00000000a6c00000|  0%| F|  |TAMS 0x00000000a6b00000| PB 0x00000000a6b00000| Untracked 
| 620|0x00000000a6c00000, 0x00000000a6c00000, 0x00000000a6d00000|  0%| F|  |TAMS 0x00000000a6c00000| PB 0x00000000a6c00000| Untracked 
| 621|0x00000000a6d00000, 0x00000000a6d00000, 0x00000000a6e00000|  0%| F|  |TAMS 0x00000000a6d00000| PB 0x00000000a6d00000| Untracked 
| 622|0x00000000a6e00000, 0x00000000a6e00000, 0x00000000a6f00000|  0%| F|  |TAMS 0x00000000a6e00000| PB 0x00000000a6e00000| Untracked 
| 623|0x00000000a6f00000, 0x00000000a6f00000, 0x00000000a7000000|  0%| F|  |TAMS 0x00000000a6f00000| PB 0x00000000a6f00000| Untracked 
| 624|0x00000000a7000000, 0x00000000a7000000, 0x00000000a7100000|  0%| F|  |TAMS 0x00000000a7000000| PB 0x00000000a7000000| Untracked 
| 625|0x00000000a7100000, 0x00000000a7100000, 0x00000000a7200000|  0%| F|  |TAMS 0x00000000a7100000| PB 0x00000000a7100000| Untracked 
| 626|0x00000000a7200000, 0x00000000a7200000, 0x00000000a7300000|  0%| F|  |TAMS 0x00000000a7200000| PB 0x00000000a7200000| Untracked 
| 627|0x00000000a7300000, 0x00000000a7300000, 0x00000000a7400000|  0%| F|  |TAMS 0x00000000a7300000| PB 0x00000000a7300000| Untracked 
| 628|0x00000000a7400000, 0x00000000a7400000, 0x00000000a7500000|  0%| F|  |TAMS 0x00000000a7400000| PB 0x00000000a7400000| Untracked 
| 629|0x00000000a7500000, 0x00000000a7500000, 0x00000000a7600000|  0%| F|  |TAMS 0x00000000a7500000| PB 0x00000000a7500000| Untracked 
| 630|0x00000000a7600000, 0x00000000a7600000, 0x00000000a7700000|  0%| F|  |TAMS 0x00000000a7600000| PB 0x00000000a7600000| Untracked 
| 631|0x00000000a7700000, 0x00000000a7700000, 0x00000000a7800000|  0%| F|  |TAMS 0x00000000a7700000| PB 0x00000000a7700000| Untracked 
| 632|0x00000000a7800000, 0x00000000a7800000, 0x00000000a7900000|  0%| F|  |TAMS 0x00000000a7800000| PB 0x00000000a7800000| Untracked 
| 633|0x00000000a7900000, 0x00000000a7900000, 0x00000000a7a00000|  0%| F|  |TAMS 0x00000000a7900000| PB 0x00000000a7900000| Untracked 
| 634|0x00000000a7a00000, 0x00000000a7a00000, 0x00000000a7b00000|  0%| F|  |TAMS 0x00000000a7a00000| PB 0x00000000a7a00000| Untracked 
| 635|0x00000000a7b00000, 0x00000000a7b00000, 0x00000000a7c00000|  0%| F|  |TAMS 0x00000000a7b00000| PB 0x00000000a7b00000| Untracked 
| 636|0x00000000a7c00000, 0x00000000a7c00000, 0x00000000a7d00000|  0%| F|  |TAMS 0x00000000a7c00000| PB 0x00000000a7c00000| Untracked 
| 637|0x00000000a7d00000, 0x00000000a7d00000, 0x00000000a7e00000|  0%| F|  |TAMS 0x00000000a7d00000| PB 0x00000000a7d00000| Untracked 
| 638|0x00000000a7e00000, 0x00000000a7e00000, 0x00000000a7f00000|  0%| F|  |TAMS 0x00000000a7e00000| PB 0x00000000a7e00000| Untracked 
| 639|0x00000000a7f00000, 0x00000000a7f00000, 0x00000000a8000000|  0%| F|  |TAMS 0x00000000a7f00000| PB 0x00000000a7f00000| Untracked 
| 640|0x00000000a8000000, 0x00000000a8000000, 0x00000000a8100000|  0%| F|  |TAMS 0x00000000a8000000| PB 0x00000000a8000000| Untracked 
| 641|0x00000000a8100000, 0x00000000a8100000, 0x00000000a8200000|  0%| F|  |TAMS 0x00000000a8100000| PB 0x00000000a8100000| Untracked 
| 642|0x00000000a8200000, 0x00000000a8200000, 0x00000000a8300000|  0%| F|  |TAMS 0x00000000a8200000| PB 0x00000000a8200000| Untracked 
| 643|0x00000000a8300000, 0x00000000a8300000, 0x00000000a8400000|  0%| F|  |TAMS 0x00000000a8300000| PB 0x00000000a8300000| Untracked 
| 644|0x00000000a8400000, 0x00000000a8400000, 0x00000000a8500000|  0%| F|  |TAMS 0x00000000a8400000| PB 0x00000000a8400000| Untracked 
| 645|0x00000000a8500000, 0x00000000a8500000, 0x00000000a8600000|  0%| F|  |TAMS 0x00000000a8500000| PB 0x00000000a8500000| Untracked 
| 646|0x00000000a8600000, 0x00000000a8600000, 0x00000000a8700000|  0%| F|  |TAMS 0x00000000a8600000| PB 0x00000000a8600000| Untracked 
| 647|0x00000000a8700000, 0x00000000a8700000, 0x00000000a8800000|  0%| F|  |TAMS 0x00000000a8700000| PB 0x00000000a8700000| Untracked 
| 648|0x00000000a8800000, 0x00000000a8800000, 0x00000000a8900000|  0%| F|  |TAMS 0x00000000a8800000| PB 0x00000000a8800000| Untracked 
| 649|0x00000000a8900000, 0x00000000a8900000, 0x00000000a8a00000|  0%| F|  |TAMS 0x00000000a8900000| PB 0x00000000a8900000| Untracked 
| 650|0x00000000a8a00000, 0x00000000a8a00000, 0x00000000a8b00000|  0%| F|  |TAMS 0x00000000a8a00000| PB 0x00000000a8a00000| Untracked 
| 651|0x00000000a8b00000, 0x00000000a8b00000, 0x00000000a8c00000|  0%| F|  |TAMS 0x00000000a8b00000| PB 0x00000000a8b00000| Untracked 
| 652|0x00000000a8c00000, 0x00000000a8c00000, 0x00000000a8d00000|  0%| F|  |TAMS 0x00000000a8c00000| PB 0x00000000a8c00000| Untracked 
| 653|0x00000000a8d00000, 0x00000000a8d00000, 0x00000000a8e00000|  0%| F|  |TAMS 0x00000000a8d00000| PB 0x00000000a8d00000| Untracked 
| 654|0x00000000a8e00000, 0x00000000a8e00000, 0x00000000a8f00000|  0%| F|  |TAMS 0x00000000a8e00000| PB 0x00000000a8e00000| Untracked 
| 655|0x00000000a8f00000, 0x00000000a8f00000, 0x00000000a9000000|  0%| F|  |TAMS 0x00000000a8f00000| PB 0x00000000a8f00000| Untracked 
| 656|0x00000000a9000000, 0x00000000a9000000, 0x00000000a9100000|  0%| F|  |TAMS 0x00000000a9000000| PB 0x00000000a9000000| Untracked 
| 657|0x00000000a9100000, 0x00000000a9100000, 0x00000000a9200000|  0%| F|  |TAMS 0x00000000a9100000| PB 0x00000000a9100000| Untracked 
| 658|0x00000000a9200000, 0x00000000a9200000, 0x00000000a9300000|  0%| F|  |TAMS 0x00000000a9200000| PB 0x00000000a9200000| Untracked 
| 659|0x00000000a9300000, 0x00000000a9300000, 0x00000000a9400000|  0%| F|  |TAMS 0x00000000a9300000| PB 0x00000000a9300000| Untracked 
| 660|0x00000000a9400000, 0x00000000a9400000, 0x00000000a9500000|  0%| F|  |TAMS 0x00000000a9400000| PB 0x00000000a9400000| Untracked 
| 661|0x00000000a9500000, 0x00000000a9500000, 0x00000000a9600000|  0%| F|  |TAMS 0x00000000a9500000| PB 0x00000000a9500000| Untracked 
| 662|0x00000000a9600000, 0x00000000a9600000, 0x00000000a9700000|  0%| F|  |TAMS 0x00000000a9600000| PB 0x00000000a9600000| Untracked 
| 663|0x00000000a9700000, 0x00000000a9700000, 0x00000000a9800000|  0%| F|  |TAMS 0x00000000a9700000| PB 0x00000000a9700000| Untracked 
| 664|0x00000000a9800000, 0x00000000a9800000, 0x00000000a9900000|  0%| F|  |TAMS 0x00000000a9800000| PB 0x00000000a9800000| Untracked 
| 665|0x00000000a9900000, 0x00000000a9900000, 0x00000000a9a00000|  0%| F|  |TAMS 0x00000000a9900000| PB 0x00000000a9900000| Untracked 
| 666|0x00000000a9a00000, 0x00000000a9a00000, 0x00000000a9b00000|  0%| F|  |TAMS 0x00000000a9a00000| PB 0x00000000a9a00000| Untracked 
| 667|0x00000000a9b00000, 0x00000000a9b00000, 0x00000000a9c00000|  0%| F|  |TAMS 0x00000000a9b00000| PB 0x00000000a9b00000| Untracked 
| 668|0x00000000a9c00000, 0x00000000a9c00000, 0x00000000a9d00000|  0%| F|  |TAMS 0x00000000a9c00000| PB 0x00000000a9c00000| Untracked 
| 669|0x00000000a9d00000, 0x00000000a9d00000, 0x00000000a9e00000|  0%| F|  |TAMS 0x00000000a9d00000| PB 0x00000000a9d00000| Untracked 
| 670|0x00000000a9e00000, 0x00000000a9e00000, 0x00000000a9f00000|  0%| F|  |TAMS 0x00000000a9e00000| PB 0x00000000a9e00000| Untracked 
| 671|0x00000000a9f00000, 0x00000000a9f00000, 0x00000000aa000000|  0%| F|  |TAMS 0x00000000a9f00000| PB 0x00000000a9f00000| Untracked 
| 672|0x00000000aa000000, 0x00000000aa000000, 0x00000000aa100000|  0%| F|  |TAMS 0x00000000aa000000| PB 0x00000000aa000000| Untracked 
| 673|0x00000000aa100000, 0x00000000aa100000, 0x00000000aa200000|  0%| F|  |TAMS 0x00000000aa100000| PB 0x00000000aa100000| Untracked 
| 674|0x00000000aa200000, 0x00000000aa200000, 0x00000000aa300000|  0%| F|  |TAMS 0x00000000aa200000| PB 0x00000000aa200000| Untracked 
| 675|0x00000000aa300000, 0x00000000aa300000, 0x00000000aa400000|  0%| F|  |TAMS 0x00000000aa300000| PB 0x00000000aa300000| Untracked 
| 676|0x00000000aa400000, 0x00000000aa400000, 0x00000000aa500000|  0%| F|  |TAMS 0x00000000aa400000| PB 0x00000000aa400000| Untracked 
| 677|0x00000000aa500000, 0x00000000aa500000, 0x00000000aa600000|  0%| F|  |TAMS 0x00000000aa500000| PB 0x00000000aa500000| Untracked 
| 678|0x00000000aa600000, 0x00000000aa600000, 0x00000000aa700000|  0%| F|  |TAMS 0x00000000aa600000| PB 0x00000000aa600000| Untracked 
| 679|0x00000000aa700000, 0x00000000aa700000, 0x00000000aa800000|  0%| F|  |TAMS 0x00000000aa700000| PB 0x00000000aa700000| Untracked 
| 680|0x00000000aa800000, 0x00000000aa800000, 0x00000000aa900000|  0%| F|  |TAMS 0x00000000aa800000| PB 0x00000000aa800000| Untracked 
| 681|0x00000000aa900000, 0x00000000aa900000, 0x00000000aaa00000|  0%| F|  |TAMS 0x00000000aa900000| PB 0x00000000aa900000| Untracked 
| 682|0x00000000aaa00000, 0x00000000aaa00000, 0x00000000aab00000|  0%| F|  |TAMS 0x00000000aaa00000| PB 0x00000000aaa00000| Untracked 
| 683|0x00000000aab00000, 0x00000000aab00000, 0x00000000aac00000|  0%| F|  |TAMS 0x00000000aab00000| PB 0x00000000aab00000| Untracked 
| 684|0x00000000aac00000, 0x00000000aac00000, 0x00000000aad00000|  0%| F|  |TAMS 0x00000000aac00000| PB 0x00000000aac00000| Untracked 
| 685|0x00000000aad00000, 0x00000000aad00000, 0x00000000aae00000|  0%| F|  |TAMS 0x00000000aad00000| PB 0x00000000aad00000| Untracked 
| 686|0x00000000aae00000, 0x00000000aae00000, 0x00000000aaf00000|  0%| F|  |TAMS 0x00000000aae00000| PB 0x00000000aae00000| Untracked 
| 687|0x00000000aaf00000, 0x00000000aaf00000, 0x00000000ab000000|  0%| F|  |TAMS 0x00000000aaf00000| PB 0x00000000aaf00000| Untracked 
| 688|0x00000000ab000000, 0x00000000ab0abb70, 0x00000000ab100000| 67%| S|CS|TAMS 0x00000000ab000000| PB 0x00000000ab000000| Complete 
| 689|0x00000000ab100000, 0x00000000ab200000, 0x00000000ab200000|100%| S|CS|TAMS 0x00000000ab100000| PB 0x00000000ab100000| Complete 
| 690|0x00000000ab200000, 0x00000000ab300000, 0x00000000ab300000|100%| S|CS|TAMS 0x00000000ab200000| PB 0x00000000ab200000| Complete 
| 691|0x00000000ab300000, 0x00000000ab400000, 0x00000000ab400000|100%| S|CS|TAMS 0x00000000ab300000| PB 0x00000000ab300000| Complete 
| 692|0x00000000ab400000, 0x00000000ab500000, 0x00000000ab500000|100%| S|CS|TAMS 0x00000000ab400000| PB 0x00000000ab400000| Complete 
| 693|0x00000000ab500000, 0x00000000ab600000, 0x00000000ab600000|100%| S|CS|TAMS 0x00000000ab500000| PB 0x00000000ab500000| Complete 
| 694|0x00000000ab600000, 0x00000000ab700000, 0x00000000ab700000|100%| S|CS|TAMS 0x00000000ab600000| PB 0x00000000ab600000| Complete 
| 695|0x00000000ab700000, 0x00000000ab800000, 0x00000000ab800000|100%| S|CS|TAMS 0x00000000ab700000| PB 0x00000000ab700000| Complete 
| 696|0x00000000ab800000, 0x00000000ab900000, 0x00000000ab900000|100%| S|CS|TAMS 0x00000000ab800000| PB 0x00000000ab800000| Complete 
| 697|0x00000000ab900000, 0x00000000aba00000, 0x00000000aba00000|100%| S|CS|TAMS 0x00000000ab900000| PB 0x00000000ab900000| Complete 
| 698|0x00000000aba00000, 0x00000000abb00000, 0x00000000abb00000|100%| S|CS|TAMS 0x00000000aba00000| PB 0x00000000aba00000| Complete 
| 699|0x00000000abb00000, 0x00000000abc00000, 0x00000000abc00000|100%| S|CS|TAMS 0x00000000abb00000| PB 0x00000000abb00000| Complete 
| 700|0x00000000abc00000, 0x00000000abc00000, 0x00000000abd00000|  0%| F|  |TAMS 0x00000000abc00000| PB 0x00000000abc00000| Untracked 
| 701|0x00000000abd00000, 0x00000000abd00000, 0x00000000abe00000|  0%| F|  |TAMS 0x00000000abd00000| PB 0x00000000abd00000| Untracked 
| 702|0x00000000abe00000, 0x00000000abe00000, 0x00000000abf00000|  0%| F|  |TAMS 0x00000000abe00000| PB 0x00000000abe00000| Untracked 
| 703|0x00000000abf00000, 0x00000000abf00000, 0x00000000ac000000|  0%| F|  |TAMS 0x00000000abf00000| PB 0x00000000abf00000| Untracked 
| 704|0x00000000ac000000, 0x00000000ac000000, 0x00000000ac100000|  0%| F|  |TAMS 0x00000000ac000000| PB 0x00000000ac000000| Untracked 
| 705|0x00000000ac100000, 0x00000000ac100000, 0x00000000ac200000|  0%| F|  |TAMS 0x00000000ac100000| PB 0x00000000ac100000| Untracked 
| 706|0x00000000ac200000, 0x00000000ac200000, 0x00000000ac300000|  0%| F|  |TAMS 0x00000000ac200000| PB 0x00000000ac200000| Untracked 
| 707|0x00000000ac300000, 0x00000000ac300000, 0x00000000ac400000|  0%| F|  |TAMS 0x00000000ac300000| PB 0x00000000ac300000| Untracked 
| 708|0x00000000ac400000, 0x00000000ac400000, 0x00000000ac500000|  0%| F|  |TAMS 0x00000000ac400000| PB 0x00000000ac400000| Untracked 
| 709|0x00000000ac500000, 0x00000000ac500000, 0x00000000ac600000|  0%| F|  |TAMS 0x00000000ac500000| PB 0x00000000ac500000| Untracked 
| 710|0x00000000ac600000, 0x00000000ac600000, 0x00000000ac700000|  0%| F|  |TAMS 0x00000000ac600000| PB 0x00000000ac600000| Untracked 
| 711|0x00000000ac700000, 0x00000000ac700000, 0x00000000ac800000|  0%| F|  |TAMS 0x00000000ac700000| PB 0x00000000ac700000| Untracked 
| 712|0x00000000ac800000, 0x00000000ac800000, 0x00000000ac900000|  0%| F|  |TAMS 0x00000000ac800000| PB 0x00000000ac800000| Untracked 
| 713|0x00000000ac900000, 0x00000000ac900000, 0x00000000aca00000|  0%| F|  |TAMS 0x00000000ac900000| PB 0x00000000ac900000| Untracked 
| 714|0x00000000aca00000, 0x00000000aca00000, 0x00000000acb00000|  0%| F|  |TAMS 0x00000000aca00000| PB 0x00000000aca00000| Untracked 
| 715|0x00000000acb00000, 0x00000000acb00000, 0x00000000acc00000|  0%| F|  |TAMS 0x00000000acb00000| PB 0x00000000acb00000| Untracked 
| 716|0x00000000acc00000, 0x00000000acc00000, 0x00000000acd00000|  0%| F|  |TAMS 0x00000000acc00000| PB 0x00000000acc00000| Untracked 
| 717|0x00000000acd00000, 0x00000000acd00000, 0x00000000ace00000|  0%| F|  |TAMS 0x00000000acd00000| PB 0x00000000acd00000| Untracked 
| 718|0x00000000ace00000, 0x00000000ace00000, 0x00000000acf00000|  0%| F|  |TAMS 0x00000000ace00000| PB 0x00000000ace00000| Untracked 
| 719|0x00000000acf00000, 0x00000000acf00000, 0x00000000ad000000|  0%| F|  |TAMS 0x00000000acf00000| PB 0x00000000acf00000| Untracked 
| 720|0x00000000ad000000, 0x00000000ad000000, 0x00000000ad100000|  0%| F|  |TAMS 0x00000000ad000000| PB 0x00000000ad000000| Untracked 
| 721|0x00000000ad100000, 0x00000000ad100000, 0x00000000ad200000|  0%| F|  |TAMS 0x00000000ad100000| PB 0x00000000ad100000| Untracked 
| 722|0x00000000ad200000, 0x00000000ad200000, 0x00000000ad300000|  0%| F|  |TAMS 0x00000000ad200000| PB 0x00000000ad200000| Untracked 
| 723|0x00000000ad300000, 0x00000000ad300000, 0x00000000ad400000|  0%| F|  |TAMS 0x00000000ad300000| PB 0x00000000ad300000| Untracked 
| 724|0x00000000ad400000, 0x00000000ad400000, 0x00000000ad500000|  0%| F|  |TAMS 0x00000000ad400000| PB 0x00000000ad400000| Untracked 
| 725|0x00000000ad500000, 0x00000000ad500000, 0x00000000ad600000|  0%| F|  |TAMS 0x00000000ad500000| PB 0x00000000ad500000| Untracked 
| 726|0x00000000ad600000, 0x00000000ad600000, 0x00000000ad700000|  0%| F|  |TAMS 0x00000000ad600000| PB 0x00000000ad600000| Untracked 
| 727|0x00000000ad700000, 0x00000000ad700000, 0x00000000ad800000|  0%| F|  |TAMS 0x00000000ad700000| PB 0x00000000ad700000| Untracked 
| 728|0x00000000ad800000, 0x00000000ad800000, 0x00000000ad900000|  0%| F|  |TAMS 0x00000000ad800000| PB 0x00000000ad800000| Untracked 
| 729|0x00000000ad900000, 0x00000000ad900000, 0x00000000ada00000|  0%| F|  |TAMS 0x00000000ad900000| PB 0x00000000ad900000| Untracked 
| 730|0x00000000ada00000, 0x00000000ada00000, 0x00000000adb00000|  0%| F|  |TAMS 0x00000000ada00000| PB 0x00000000ada00000| Untracked 
| 731|0x00000000adb00000, 0x00000000adb00000, 0x00000000adc00000|  0%| F|  |TAMS 0x00000000adb00000| PB 0x00000000adb00000| Untracked 
| 732|0x00000000adc00000, 0x00000000adc00000, 0x00000000add00000|  0%| F|  |TAMS 0x00000000adc00000| PB 0x00000000adc00000| Untracked 
| 733|0x00000000add00000, 0x00000000add00000, 0x00000000ade00000|  0%| F|  |TAMS 0x00000000add00000| PB 0x00000000add00000| Untracked 
| 734|0x00000000ade00000, 0x00000000ade00000, 0x00000000adf00000|  0%| F|  |TAMS 0x00000000ade00000| PB 0x00000000ade00000| Untracked 
| 735|0x00000000adf00000, 0x00000000adf00000, 0x00000000ae000000|  0%| F|  |TAMS 0x00000000adf00000| PB 0x00000000adf00000| Untracked 
| 736|0x00000000ae000000, 0x00000000ae000000, 0x00000000ae100000|  0%| F|  |TAMS 0x00000000ae000000| PB 0x00000000ae000000| Untracked 
| 737|0x00000000ae100000, 0x00000000ae100000, 0x00000000ae200000|  0%| F|  |TAMS 0x00000000ae100000| PB 0x00000000ae100000| Untracked 
| 738|0x00000000ae200000, 0x00000000ae200000, 0x00000000ae300000|  0%| F|  |TAMS 0x00000000ae200000| PB 0x00000000ae200000| Untracked 
| 739|0x00000000ae300000, 0x00000000ae300000, 0x00000000ae400000|  0%| F|  |TAMS 0x00000000ae300000| PB 0x00000000ae300000| Untracked 
| 740|0x00000000ae400000, 0x00000000ae400000, 0x00000000ae500000|  0%| F|  |TAMS 0x00000000ae400000| PB 0x00000000ae400000| Untracked 
| 741|0x00000000ae500000, 0x00000000ae500000, 0x00000000ae600000|  0%| F|  |TAMS 0x00000000ae500000| PB 0x00000000ae500000| Untracked 
| 742|0x00000000ae600000, 0x00000000ae600000, 0x00000000ae700000|  0%| F|  |TAMS 0x00000000ae600000| PB 0x00000000ae600000| Untracked 
| 743|0x00000000ae700000, 0x00000000ae700000, 0x00000000ae800000|  0%| F|  |TAMS 0x00000000ae700000| PB 0x00000000ae700000| Untracked 
| 744|0x00000000ae800000, 0x00000000ae900000, 0x00000000ae900000|100%| E|CS|TAMS 0x00000000ae800000| PB 0x00000000ae800000| Complete 
| 745|0x00000000ae900000, 0x00000000aea00000, 0x00000000aea00000|100%| E|CS|TAMS 0x00000000ae900000| PB 0x00000000ae900000| Complete 
| 746|0x00000000aea00000, 0x00000000aeb00000, 0x00000000aeb00000|100%| E|CS|TAMS 0x00000000aea00000| PB 0x00000000aea00000| Complete 
| 747|0x00000000aeb00000, 0x00000000aec00000, 0x00000000aec00000|100%| E|CS|TAMS 0x00000000aeb00000| PB 0x00000000aeb00000| Complete 
| 748|0x00000000aec00000, 0x00000000aed00000, 0x00000000aed00000|100%| E|CS|TAMS 0x00000000aec00000| PB 0x00000000aec00000| Complete 
| 749|0x00000000aed00000, 0x00000000aee00000, 0x00000000aee00000|100%| E|CS|TAMS 0x00000000aed00000| PB 0x00000000aed00000| Complete 
| 750|0x00000000aee00000, 0x00000000aef00000, 0x00000000aef00000|100%| E|CS|TAMS 0x00000000aee00000| PB 0x00000000aee00000| Complete 
| 751|0x00000000aef00000, 0x00000000af000000, 0x00000000af000000|100%| E|CS|TAMS 0x00000000aef00000| PB 0x00000000aef00000| Complete 
| 752|0x00000000af000000, 0x00000000af100000, 0x00000000af100000|100%| E|CS|TAMS 0x00000000af000000| PB 0x00000000af000000| Complete 
| 753|0x00000000af100000, 0x00000000af200000, 0x00000000af200000|100%| E|CS|TAMS 0x00000000af100000| PB 0x00000000af100000| Complete 
| 754|0x00000000af200000, 0x00000000af300000, 0x00000000af300000|100%| E|CS|TAMS 0x00000000af200000| PB 0x00000000af200000| Complete 
| 755|0x00000000af300000, 0x00000000af400000, 0x00000000af400000|100%| E|CS|TAMS 0x00000000af300000| PB 0x00000000af300000| Complete 
| 756|0x00000000af400000, 0x00000000af500000, 0x00000000af500000|100%| E|CS|TAMS 0x00000000af400000| PB 0x00000000af400000| Complete 
| 757|0x00000000af500000, 0x00000000af600000, 0x00000000af600000|100%| E|CS|TAMS 0x00000000af500000| PB 0x00000000af500000| Complete 
| 758|0x00000000af600000, 0x00000000af700000, 0x00000000af700000|100%| E|CS|TAMS 0x00000000af600000| PB 0x00000000af600000| Complete 
| 759|0x00000000af700000, 0x00000000af800000, 0x00000000af800000|100%| E|CS|TAMS 0x00000000af700000| PB 0x00000000af700000| Complete 
| 760|0x00000000af800000, 0x00000000af900000, 0x00000000af900000|100%| E|CS|TAMS 0x00000000af800000| PB 0x00000000af800000| Complete 
| 761|0x00000000af900000, 0x00000000afa00000, 0x00000000afa00000|100%| E|CS|TAMS 0x00000000af900000| PB 0x00000000af900000| Complete 
| 762|0x00000000afa00000, 0x00000000afb00000, 0x00000000afb00000|100%| E|CS|TAMS 0x00000000afa00000| PB 0x00000000afa00000| Complete 
| 763|0x00000000afb00000, 0x00000000afc00000, 0x00000000afc00000|100%| E|CS|TAMS 0x00000000afb00000| PB 0x00000000afb00000| Complete 
| 764|0x00000000afc00000, 0x00000000afd00000, 0x00000000afd00000|100%| E|CS|TAMS 0x00000000afc00000| PB 0x00000000afc00000| Complete 
| 765|0x00000000afd00000, 0x00000000afe00000, 0x00000000afe00000|100%| E|CS|TAMS 0x00000000afd00000| PB 0x00000000afd00000| Complete 
| 766|0x00000000afe00000, 0x00000000aff00000, 0x00000000aff00000|100%| E|CS|TAMS 0x00000000afe00000| PB 0x00000000afe00000| Complete 
| 767|0x00000000aff00000, 0x00000000b0000000, 0x00000000b0000000|100%| E|CS|TAMS 0x00000000aff00000| PB 0x00000000aff00000| Complete 
| 768|0x00000000b0000000, 0x00000000b0100000, 0x00000000b0100000|100%| E|CS|TAMS 0x00000000b0000000| PB 0x00000000b0000000| Complete 
| 769|0x00000000b0100000, 0x00000000b0200000, 0x00000000b0200000|100%| E|CS|TAMS 0x00000000b0100000| PB 0x00000000b0100000| Complete 
| 770|0x00000000b0200000, 0x00000000b0300000, 0x00000000b0300000|100%| E|CS|TAMS 0x00000000b0200000| PB 0x00000000b0200000| Complete 
| 771|0x00000000b0300000, 0x00000000b0400000, 0x00000000b0400000|100%| E|CS|TAMS 0x00000000b0300000| PB 0x00000000b0300000| Complete 
| 772|0x00000000b0400000, 0x00000000b0500000, 0x00000000b0500000|100%| E|CS|TAMS 0x00000000b0400000| PB 0x00000000b0400000| Complete 
| 773|0x00000000b0500000, 0x00000000b0600000, 0x00000000b0600000|100%| E|CS|TAMS 0x00000000b0500000| PB 0x00000000b0500000| Complete 
| 774|0x00000000b0600000, 0x00000000b0700000, 0x00000000b0700000|100%| E|CS|TAMS 0x00000000b0600000| PB 0x00000000b0600000| Complete 
| 775|0x00000000b0700000, 0x00000000b0800000, 0x00000000b0800000|100%| E|CS|TAMS 0x00000000b0700000| PB 0x00000000b0700000| Complete 
| 776|0x00000000b0800000, 0x00000000b0900000, 0x00000000b0900000|100%| E|CS|TAMS 0x00000000b0800000| PB 0x00000000b0800000| Complete 
| 777|0x00000000b0900000, 0x00000000b0a00000, 0x00000000b0a00000|100%| E|CS|TAMS 0x00000000b0900000| PB 0x00000000b0900000| Complete 
| 778|0x00000000b0a00000, 0x00000000b0b00000, 0x00000000b0b00000|100%| E|CS|TAMS 0x00000000b0a00000| PB 0x00000000b0a00000| Complete 
| 779|0x00000000b0b00000, 0x00000000b0c00000, 0x00000000b0c00000|100%| E|CS|TAMS 0x00000000b0b00000| PB 0x00000000b0b00000| Complete 
| 780|0x00000000b0c00000, 0x00000000b0d00000, 0x00000000b0d00000|100%| E|CS|TAMS 0x00000000b0c00000| PB 0x00000000b0c00000| Complete 
| 781|0x00000000b0d00000, 0x00000000b0e00000, 0x00000000b0e00000|100%| E|CS|TAMS 0x00000000b0d00000| PB 0x00000000b0d00000| Complete 
| 782|0x00000000b0e00000, 0x00000000b0f00000, 0x00000000b0f00000|100%| E|CS|TAMS 0x00000000b0e00000| PB 0x00000000b0e00000| Complete 
| 783|0x00000000b0f00000, 0x00000000b1000000, 0x00000000b1000000|100%| E|CS|TAMS 0x00000000b0f00000| PB 0x00000000b0f00000| Complete 
| 784|0x00000000b1000000, 0x00000000b1100000, 0x00000000b1100000|100%| E|CS|TAMS 0x00000000b1000000| PB 0x00000000b1000000| Complete 
| 785|0x00000000b1100000, 0x00000000b1200000, 0x00000000b1200000|100%| E|CS|TAMS 0x00000000b1100000| PB 0x00000000b1100000| Complete 
| 786|0x00000000b1200000, 0x00000000b1300000, 0x00000000b1300000|100%| E|CS|TAMS 0x00000000b1200000| PB 0x00000000b1200000| Complete 
| 787|0x00000000b1300000, 0x00000000b1400000, 0x00000000b1400000|100%| E|CS|TAMS 0x00000000b1300000| PB 0x00000000b1300000| Complete 
| 788|0x00000000b1400000, 0x00000000b1500000, 0x00000000b1500000|100%| E|CS|TAMS 0x00000000b1400000| PB 0x00000000b1400000| Complete 
| 789|0x00000000b1500000, 0x00000000b1600000, 0x00000000b1600000|100%| E|CS|TAMS 0x00000000b1500000| PB 0x00000000b1500000| Complete 
| 790|0x00000000b1600000, 0x00000000b1700000, 0x00000000b1700000|100%| E|CS|TAMS 0x00000000b1600000| PB 0x00000000b1600000| Complete 
| 791|0x00000000b1700000, 0x00000000b1800000, 0x00000000b1800000|100%| E|CS|TAMS 0x00000000b1700000| PB 0x00000000b1700000| Complete 
| 792|0x00000000b1800000, 0x00000000b1800000, 0x00000000b1900000|  0%| F|  |TAMS 0x00000000b1800000| PB 0x00000000b1800000| Untracked 
| 793|0x00000000b1900000, 0x00000000b1900000, 0x00000000b1a00000|  0%| F|  |TAMS 0x00000000b1900000| PB 0x00000000b1900000| Untracked 
| 794|0x00000000b1a00000, 0x00000000b1a00000, 0x00000000b1b00000|  0%| F|  |TAMS 0x00000000b1a00000| PB 0x00000000b1a00000| Untracked 
| 795|0x00000000b1b00000, 0x00000000b1b00000, 0x00000000b1c00000|  0%| F|  |TAMS 0x00000000b1b00000| PB 0x00000000b1b00000| Untracked 
| 796|0x00000000b1c00000, 0x00000000b1c00000, 0x00000000b1d00000|  0%| F|  |TAMS 0x00000000b1c00000| PB 0x00000000b1c00000| Untracked 
| 797|0x00000000b1d00000, 0x00000000b1d00000, 0x00000000b1e00000|  0%| F|  |TAMS 0x00000000b1d00000| PB 0x00000000b1d00000| Untracked 
| 798|0x00000000b1e00000, 0x00000000b1e00000, 0x00000000b1f00000|  0%| F|  |TAMS 0x00000000b1e00000| PB 0x00000000b1e00000| Untracked 
| 799|0x00000000b1f00000, 0x00000000b1f00000, 0x00000000b2000000|  0%| F|  |TAMS 0x00000000b1f00000| PB 0x00000000b1f00000| Untracked 
| 800|0x00000000b2000000, 0x00000000b2000000, 0x00000000b2100000|  0%| F|  |TAMS 0x00000000b2000000| PB 0x00000000b2000000| Untracked 
| 801|0x00000000b2100000, 0x00000000b2100000, 0x00000000b2200000|  0%| F|  |TAMS 0x00000000b2100000| PB 0x00000000b2100000| Untracked 
| 802|0x00000000b2200000, 0x00000000b2200000, 0x00000000b2300000|  0%| F|  |TAMS 0x00000000b2200000| PB 0x00000000b2200000| Untracked 
| 803|0x00000000b2300000, 0x00000000b2300000, 0x00000000b2400000|  0%| F|  |TAMS 0x00000000b2300000| PB 0x00000000b2300000| Untracked 
| 804|0x00000000b2400000, 0x00000000b2400000, 0x00000000b2500000|  0%| F|  |TAMS 0x00000000b2400000| PB 0x00000000b2400000| Untracked 
| 805|0x00000000b2500000, 0x00000000b2500000, 0x00000000b2600000|  0%| F|  |TAMS 0x00000000b2500000| PB 0x00000000b2500000| Untracked 
| 806|0x00000000b2600000, 0x00000000b2600000, 0x00000000b2700000|  0%| F|  |TAMS 0x00000000b2600000| PB 0x00000000b2600000| Untracked 
| 807|0x00000000b2700000, 0x00000000b2700000, 0x00000000b2800000|  0%| F|  |TAMS 0x00000000b2700000| PB 0x00000000b2700000| Untracked 
| 808|0x00000000b2800000, 0x00000000b2800000, 0x00000000b2900000|  0%| F|  |TAMS 0x00000000b2800000| PB 0x00000000b2800000| Untracked 
| 809|0x00000000b2900000, 0x00000000b2900000, 0x00000000b2a00000|  0%| F|  |TAMS 0x00000000b2900000| PB 0x00000000b2900000| Untracked 
| 810|0x00000000b2a00000, 0x00000000b2a00000, 0x00000000b2b00000|  0%| F|  |TAMS 0x00000000b2a00000| PB 0x00000000b2a00000| Untracked 
| 811|0x00000000b2b00000, 0x00000000b2b00000, 0x00000000b2c00000|  0%| F|  |TAMS 0x00000000b2b00000| PB 0x00000000b2b00000| Untracked 
| 812|0x00000000b2c00000, 0x00000000b2c00000, 0x00000000b2d00000|  0%| F|  |TAMS 0x00000000b2c00000| PB 0x00000000b2c00000| Untracked 
| 813|0x00000000b2d00000, 0x00000000b2d00000, 0x00000000b2e00000|  0%| F|  |TAMS 0x00000000b2d00000| PB 0x00000000b2d00000| Untracked 
| 814|0x00000000b2e00000, 0x00000000b2e00000, 0x00000000b2f00000|  0%| F|  |TAMS 0x00000000b2e00000| PB 0x00000000b2e00000| Untracked 
| 815|0x00000000b2f00000, 0x00000000b2f00000, 0x00000000b3000000|  0%| F|  |TAMS 0x00000000b2f00000| PB 0x00000000b2f00000| Untracked 
| 816|0x00000000b3000000, 0x00000000b3000000, 0x00000000b3100000|  0%| F|  |TAMS 0x00000000b3000000| PB 0x00000000b3000000| Untracked 
| 817|0x00000000b3100000, 0x00000000b3100000, 0x00000000b3200000|  0%| F|  |TAMS 0x00000000b3100000| PB 0x00000000b3100000| Untracked 
| 818|0x00000000b3200000, 0x00000000b3200000, 0x00000000b3300000|  0%| F|  |TAMS 0x00000000b3200000| PB 0x00000000b3200000| Untracked 
| 819|0x00000000b3300000, 0x00000000b3300000, 0x00000000b3400000|  0%| F|  |TAMS 0x00000000b3300000| PB 0x00000000b3300000| Untracked 
| 820|0x00000000b3400000, 0x00000000b3400000, 0x00000000b3500000|  0%| F|  |TAMS 0x00000000b3400000| PB 0x00000000b3400000| Untracked 
| 821|0x00000000b3500000, 0x00000000b3500000, 0x00000000b3600000|  0%| F|  |TAMS 0x00000000b3500000| PB 0x00000000b3500000| Untracked 
| 822|0x00000000b3600000, 0x00000000b3600000, 0x00000000b3700000|  0%| F|  |TAMS 0x00000000b3600000| PB 0x00000000b3600000| Untracked 
| 823|0x00000000b3700000, 0x00000000b3700000, 0x00000000b3800000|  0%| F|  |TAMS 0x00000000b3700000| PB 0x00000000b3700000| Untracked 
| 824|0x00000000b3800000, 0x00000000b3800000, 0x00000000b3900000|  0%| F|  |TAMS 0x00000000b3800000| PB 0x00000000b3800000| Untracked 
| 825|0x00000000b3900000, 0x00000000b3900000, 0x00000000b3a00000|  0%| F|  |TAMS 0x00000000b3900000| PB 0x00000000b3900000| Untracked 
| 826|0x00000000b3a00000, 0x00000000b3a00000, 0x00000000b3b00000|  0%| F|  |TAMS 0x00000000b3a00000| PB 0x00000000b3a00000| Untracked 
| 827|0x00000000b3b00000, 0x00000000b3b00000, 0x00000000b3c00000|  0%| F|  |TAMS 0x00000000b3b00000| PB 0x00000000b3b00000| Untracked 
| 828|0x00000000b3c00000, 0x00000000b3c00000, 0x00000000b3d00000|  0%| F|  |TAMS 0x00000000b3c00000| PB 0x00000000b3c00000| Untracked 
| 829|0x00000000b3d00000, 0x00000000b3d00000, 0x00000000b3e00000|  0%| F|  |TAMS 0x00000000b3d00000| PB 0x00000000b3d00000| Untracked 
| 830|0x00000000b3e00000, 0x00000000b3e00000, 0x00000000b3f00000|  0%| F|  |TAMS 0x00000000b3e00000| PB 0x00000000b3e00000| Untracked 
| 831|0x00000000b3f00000, 0x00000000b3f00000, 0x00000000b4000000|  0%| F|  |TAMS 0x00000000b3f00000| PB 0x00000000b3f00000| Untracked 
| 832|0x00000000b4000000, 0x00000000b4000000, 0x00000000b4100000|  0%| F|  |TAMS 0x00000000b4000000| PB 0x00000000b4000000| Untracked 
| 833|0x00000000b4100000, 0x00000000b4100000, 0x00000000b4200000|  0%| F|  |TAMS 0x00000000b4100000| PB 0x00000000b4100000| Untracked 
| 834|0x00000000b4200000, 0x00000000b4200000, 0x00000000b4300000|  0%| F|  |TAMS 0x00000000b4200000| PB 0x00000000b4200000| Untracked 
| 835|0x00000000b4300000, 0x00000000b4300000, 0x00000000b4400000|  0%| F|  |TAMS 0x00000000b4300000| PB 0x00000000b4300000| Untracked 
| 836|0x00000000b4400000, 0x00000000b4400000, 0x00000000b4500000|  0%| F|  |TAMS 0x00000000b4400000| PB 0x00000000b4400000| Untracked 
| 837|0x00000000b4500000, 0x00000000b4500000, 0x00000000b4600000|  0%| F|  |TAMS 0x00000000b4500000| PB 0x00000000b4500000| Untracked 
| 838|0x00000000b4600000, 0x00000000b4600000, 0x00000000b4700000|  0%| F|  |TAMS 0x00000000b4600000| PB 0x00000000b4600000| Untracked 
| 839|0x00000000b4700000, 0x00000000b4700000, 0x00000000b4800000|  0%| F|  |TAMS 0x00000000b4700000| PB 0x00000000b4700000| Untracked 
| 840|0x00000000b4800000, 0x00000000b4800000, 0x00000000b4900000|  0%| F|  |TAMS 0x00000000b4800000| PB 0x00000000b4800000| Untracked 
| 841|0x00000000b4900000, 0x00000000b4900000, 0x00000000b4a00000|  0%| F|  |TAMS 0x00000000b4900000| PB 0x00000000b4900000| Untracked 
| 842|0x00000000b4a00000, 0x00000000b4a00000, 0x00000000b4b00000|  0%| F|  |TAMS 0x00000000b4a00000| PB 0x00000000b4a00000| Untracked 
| 843|0x00000000b4b00000, 0x00000000b4b00000, 0x00000000b4c00000|  0%| F|  |TAMS 0x00000000b4b00000| PB 0x00000000b4b00000| Untracked 
| 844|0x00000000b4c00000, 0x00000000b4c00000, 0x00000000b4d00000|  0%| F|  |TAMS 0x00000000b4c00000| PB 0x00000000b4c00000| Untracked 
| 845|0x00000000b4d00000, 0x00000000b4d00000, 0x00000000b4e00000|  0%| F|  |TAMS 0x00000000b4d00000| PB 0x00000000b4d00000| Untracked 
| 846|0x00000000b4e00000, 0x00000000b4e00000, 0x00000000b4f00000|  0%| F|  |TAMS 0x00000000b4e00000| PB 0x00000000b4e00000| Untracked 
| 847|0x00000000b4f00000, 0x00000000b4f00000, 0x00000000b5000000|  0%| F|  |TAMS 0x00000000b4f00000| PB 0x00000000b4f00000| Untracked 
| 848|0x00000000b5000000, 0x00000000b5000000, 0x00000000b5100000|  0%| F|  |TAMS 0x00000000b5000000| PB 0x00000000b5000000| Untracked 
| 849|0x00000000b5100000, 0x00000000b5100000, 0x00000000b5200000|  0%| F|  |TAMS 0x00000000b5100000| PB 0x00000000b5100000| Untracked 
| 850|0x00000000b5200000, 0x00000000b5200000, 0x00000000b5300000|  0%| F|  |TAMS 0x00000000b5200000| PB 0x00000000b5200000| Untracked 
| 851|0x00000000b5300000, 0x00000000b5300000, 0x00000000b5400000|  0%| F|  |TAMS 0x00000000b5300000| PB 0x00000000b5300000| Untracked 
| 852|0x00000000b5400000, 0x00000000b5400000, 0x00000000b5500000|  0%| F|  |TAMS 0x00000000b5400000| PB 0x00000000b5400000| Untracked 
| 853|0x00000000b5500000, 0x00000000b5500000, 0x00000000b5600000|  0%| F|  |TAMS 0x00000000b5500000| PB 0x00000000b5500000| Untracked 
| 854|0x00000000b5600000, 0x00000000b5600000, 0x00000000b5700000|  0%| F|  |TAMS 0x00000000b5600000| PB 0x00000000b5600000| Untracked 
| 855|0x00000000b5700000, 0x00000000b5700000, 0x00000000b5800000|  0%| F|  |TAMS 0x00000000b5700000| PB 0x00000000b5700000| Untracked 
| 856|0x00000000b5800000, 0x00000000b5800000, 0x00000000b5900000|  0%| F|  |TAMS 0x00000000b5800000| PB 0x00000000b5800000| Untracked 
| 857|0x00000000b5900000, 0x00000000b5900000, 0x00000000b5a00000|  0%| F|  |TAMS 0x00000000b5900000| PB 0x00000000b5900000| Untracked 
| 858|0x00000000b5a00000, 0x00000000b5a00000, 0x00000000b5b00000|  0%| F|  |TAMS 0x00000000b5a00000| PB 0x00000000b5a00000| Untracked 
| 859|0x00000000b5b00000, 0x00000000b5b00000, 0x00000000b5c00000|  0%| F|  |TAMS 0x00000000b5b00000| PB 0x00000000b5b00000| Untracked 
| 860|0x00000000b5c00000, 0x00000000b5c00000, 0x00000000b5d00000|  0%| F|  |TAMS 0x00000000b5c00000| PB 0x00000000b5c00000| Untracked 
| 861|0x00000000b5d00000, 0x00000000b5d00000, 0x00000000b5e00000|  0%| F|  |TAMS 0x00000000b5d00000| PB 0x00000000b5d00000| Untracked 
| 862|0x00000000b5e00000, 0x00000000b5e00000, 0x00000000b5f00000|  0%| F|  |TAMS 0x00000000b5e00000| PB 0x00000000b5e00000| Untracked 
| 863|0x00000000b5f00000, 0x00000000b5f00000, 0x00000000b6000000|  0%| F|  |TAMS 0x00000000b5f00000| PB 0x00000000b5f00000| Untracked 
| 864|0x00000000b6000000, 0x00000000b6000000, 0x00000000b6100000|  0%| F|  |TAMS 0x00000000b6000000| PB 0x00000000b6000000| Untracked 
| 865|0x00000000b6100000, 0x00000000b6100000, 0x00000000b6200000|  0%| F|  |TAMS 0x00000000b6100000| PB 0x00000000b6100000| Untracked 
| 866|0x00000000b6200000, 0x00000000b6200000, 0x00000000b6300000|  0%| F|  |TAMS 0x00000000b6200000| PB 0x00000000b6200000| Untracked 
| 867|0x00000000b6300000, 0x00000000b6300000, 0x00000000b6400000|  0%| F|  |TAMS 0x00000000b6300000| PB 0x00000000b6300000| Untracked 
| 868|0x00000000b6400000, 0x00000000b6400000, 0x00000000b6500000|  0%| F|  |TAMS 0x00000000b6400000| PB 0x00000000b6400000| Untracked 
| 869|0x00000000b6500000, 0x00000000b6500000, 0x00000000b6600000|  0%| F|  |TAMS 0x00000000b6500000| PB 0x00000000b6500000| Untracked 
| 870|0x00000000b6600000, 0x00000000b6600000, 0x00000000b6700000|  0%| F|  |TAMS 0x00000000b6600000| PB 0x00000000b6600000| Untracked 
| 871|0x00000000b6700000, 0x00000000b6700000, 0x00000000b6800000|  0%| F|  |TAMS 0x00000000b6700000| PB 0x00000000b6700000| Untracked 
| 872|0x00000000b6800000, 0x00000000b6800000, 0x00000000b6900000|  0%| F|  |TAMS 0x00000000b6800000| PB 0x00000000b6800000| Untracked 
| 873|0x00000000b6900000, 0x00000000b6900000, 0x00000000b6a00000|  0%| F|  |TAMS 0x00000000b6900000| PB 0x00000000b6900000| Untracked 
| 874|0x00000000b6a00000, 0x00000000b6a00000, 0x00000000b6b00000|  0%| F|  |TAMS 0x00000000b6a00000| PB 0x00000000b6a00000| Untracked 
| 875|0x00000000b6b00000, 0x00000000b6b00000, 0x00000000b6c00000|  0%| F|  |TAMS 0x00000000b6b00000| PB 0x00000000b6b00000| Untracked 
| 876|0x00000000b6c00000, 0x00000000b6c00000, 0x00000000b6d00000|  0%| F|  |TAMS 0x00000000b6c00000| PB 0x00000000b6c00000| Untracked 
| 877|0x00000000b6d00000, 0x00000000b6d00000, 0x00000000b6e00000|  0%| F|  |TAMS 0x00000000b6d00000| PB 0x00000000b6d00000| Untracked 
| 878|0x00000000b6e00000, 0x00000000b6e00000, 0x00000000b6f00000|  0%| F|  |TAMS 0x00000000b6e00000| PB 0x00000000b6e00000| Untracked 
| 879|0x00000000b6f00000, 0x00000000b6f00000, 0x00000000b7000000|  0%| F|  |TAMS 0x00000000b6f00000| PB 0x00000000b6f00000| Untracked 
| 880|0x00000000b7000000, 0x00000000b7000000, 0x00000000b7100000|  0%| F|  |TAMS 0x00000000b7000000| PB 0x00000000b7000000| Untracked 
| 881|0x00000000b7100000, 0x00000000b7100000, 0x00000000b7200000|  0%| F|  |TAMS 0x00000000b7100000| PB 0x00000000b7100000| Untracked 
| 882|0x00000000b7200000, 0x00000000b7200000, 0x00000000b7300000|  0%| F|  |TAMS 0x00000000b7200000| PB 0x00000000b7200000| Untracked 
| 883|0x00000000b7300000, 0x00000000b7300000, 0x00000000b7400000|  0%| F|  |TAMS 0x00000000b7300000| PB 0x00000000b7300000| Untracked 
| 884|0x00000000b7400000, 0x00000000b7400000, 0x00000000b7500000|  0%| F|  |TAMS 0x00000000b7400000| PB 0x00000000b7400000| Untracked 
| 885|0x00000000b7500000, 0x00000000b7500000, 0x00000000b7600000|  0%| F|  |TAMS 0x00000000b7500000| PB 0x00000000b7500000| Untracked 
| 886|0x00000000b7600000, 0x00000000b7600000, 0x00000000b7700000|  0%| F|  |TAMS 0x00000000b7600000| PB 0x00000000b7600000| Untracked 
| 887|0x00000000b7700000, 0x00000000b7700000, 0x00000000b7800000|  0%| F|  |TAMS 0x00000000b7700000| PB 0x00000000b7700000| Untracked 
| 888|0x00000000b7800000, 0x00000000b7800000, 0x00000000b7900000|  0%| F|  |TAMS 0x00000000b7800000| PB 0x00000000b7800000| Untracked 
| 889|0x00000000b7900000, 0x00000000b7900000, 0x00000000b7a00000|  0%| F|  |TAMS 0x00000000b7900000| PB 0x00000000b7900000| Untracked 
| 890|0x00000000b7a00000, 0x00000000b7a00000, 0x00000000b7b00000|  0%| F|  |TAMS 0x00000000b7a00000| PB 0x00000000b7a00000| Untracked 
| 891|0x00000000b7b00000, 0x00000000b7b00000, 0x00000000b7c00000|  0%| F|  |TAMS 0x00000000b7b00000| PB 0x00000000b7b00000| Untracked 
| 892|0x00000000b7c00000, 0x00000000b7c00000, 0x00000000b7d00000|  0%| F|  |TAMS 0x00000000b7c00000| PB 0x00000000b7c00000| Untracked 
| 893|0x00000000b7d00000, 0x00000000b7d00000, 0x00000000b7e00000|  0%| F|  |TAMS 0x00000000b7d00000| PB 0x00000000b7d00000| Untracked 
| 894|0x00000000b7e00000, 0x00000000b7e00000, 0x00000000b7f00000|  0%| F|  |TAMS 0x00000000b7e00000| PB 0x00000000b7e00000| Untracked 
| 895|0x00000000b7f00000, 0x00000000b7f00000, 0x00000000b8000000|  0%| F|  |TAMS 0x00000000b7f00000| PB 0x00000000b7f00000| Untracked 
| 896|0x00000000b8000000, 0x00000000b8000000, 0x00000000b8100000|  0%| F|  |TAMS 0x00000000b8000000| PB 0x00000000b8000000| Untracked 
| 897|0x00000000b8100000, 0x00000000b8100000, 0x00000000b8200000|  0%| F|  |TAMS 0x00000000b8100000| PB 0x00000000b8100000| Untracked 
| 898|0x00000000b8200000, 0x00000000b8200000, 0x00000000b8300000|  0%| F|  |TAMS 0x00000000b8200000| PB 0x00000000b8200000| Untracked 
| 899|0x00000000b8300000, 0x00000000b8300000, 0x00000000b8400000|  0%| F|  |TAMS 0x00000000b8300000| PB 0x00000000b8300000| Untracked 
| 900|0x00000000b8400000, 0x00000000b8400000, 0x00000000b8500000|  0%| F|  |TAMS 0x00000000b8400000| PB 0x00000000b8400000| Untracked 
| 901|0x00000000b8500000, 0x00000000b8500000, 0x00000000b8600000|  0%| F|  |TAMS 0x00000000b8500000| PB 0x00000000b8500000| Untracked 
| 902|0x00000000b8600000, 0x00000000b8600000, 0x00000000b8700000|  0%| F|  |TAMS 0x00000000b8600000| PB 0x00000000b8600000| Untracked 
| 903|0x00000000b8700000, 0x00000000b8700000, 0x00000000b8800000|  0%| F|  |TAMS 0x00000000b8700000| PB 0x00000000b8700000| Untracked 
| 904|0x00000000b8800000, 0x00000000b8800000, 0x00000000b8900000|  0%| F|  |TAMS 0x00000000b8800000| PB 0x00000000b8800000| Untracked 
| 905|0x00000000b8900000, 0x00000000b8900000, 0x00000000b8a00000|  0%| F|  |TAMS 0x00000000b8900000| PB 0x00000000b8900000| Untracked 
| 906|0x00000000b8a00000, 0x00000000b8a00000, 0x00000000b8b00000|  0%| F|  |TAMS 0x00000000b8a00000| PB 0x00000000b8a00000| Untracked 
| 907|0x00000000b8b00000, 0x00000000b8b00000, 0x00000000b8c00000|  0%| F|  |TAMS 0x00000000b8b00000| PB 0x00000000b8b00000| Untracked 
| 908|0x00000000b8c00000, 0x00000000b8c00000, 0x00000000b8d00000|  0%| F|  |TAMS 0x00000000b8c00000| PB 0x00000000b8c00000| Untracked 
| 909|0x00000000b8d00000, 0x00000000b8d00000, 0x00000000b8e00000|  0%| F|  |TAMS 0x00000000b8d00000| PB 0x00000000b8d00000| Untracked 
| 910|0x00000000b8e00000, 0x00000000b8e00000, 0x00000000b8f00000|  0%| F|  |TAMS 0x00000000b8e00000| PB 0x00000000b8e00000| Untracked 
| 911|0x00000000b8f00000, 0x00000000b8f00000, 0x00000000b9000000|  0%| F|  |TAMS 0x00000000b8f00000| PB 0x00000000b8f00000| Untracked 
| 912|0x00000000b9000000, 0x00000000b9000000, 0x00000000b9100000|  0%| F|  |TAMS 0x00000000b9000000| PB 0x00000000b9000000| Untracked 
| 913|0x00000000b9100000, 0x00000000b9100000, 0x00000000b9200000|  0%| F|  |TAMS 0x00000000b9100000| PB 0x00000000b9100000| Untracked 
| 914|0x00000000b9200000, 0x00000000b9200000, 0x00000000b9300000|  0%| F|  |TAMS 0x00000000b9200000| PB 0x00000000b9200000| Untracked 
| 915|0x00000000b9300000, 0x00000000b9300000, 0x00000000b9400000|  0%| F|  |TAMS 0x00000000b9300000| PB 0x00000000b9300000| Untracked 
| 916|0x00000000b9400000, 0x00000000b9400000, 0x00000000b9500000|  0%| F|  |TAMS 0x00000000b9400000| PB 0x00000000b9400000| Untracked 
| 917|0x00000000b9500000, 0x00000000b9500000, 0x00000000b9600000|  0%| F|  |TAMS 0x00000000b9500000| PB 0x00000000b9500000| Untracked 
| 918|0x00000000b9600000, 0x00000000b9600000, 0x00000000b9700000|  0%| F|  |TAMS 0x00000000b9600000| PB 0x00000000b9600000| Untracked 
| 919|0x00000000b9700000, 0x00000000b9700000, 0x00000000b9800000|  0%| F|  |TAMS 0x00000000b9700000| PB 0x00000000b9700000| Untracked 
| 920|0x00000000b9800000, 0x00000000b9800000, 0x00000000b9900000|  0%| F|  |TAMS 0x00000000b9800000| PB 0x00000000b9800000| Untracked 
| 921|0x00000000b9900000, 0x00000000b9900000, 0x00000000b9a00000|  0%| F|  |TAMS 0x00000000b9900000| PB 0x00000000b9900000| Untracked 
| 922|0x00000000b9a00000, 0x00000000b9a00000, 0x00000000b9b00000|  0%| F|  |TAMS 0x00000000b9a00000| PB 0x00000000b9a00000| Untracked 
| 923|0x00000000b9b00000, 0x00000000b9b00000, 0x00000000b9c00000|  0%| F|  |TAMS 0x00000000b9b00000| PB 0x00000000b9b00000| Untracked 
| 924|0x00000000b9c00000, 0x00000000b9c00000, 0x00000000b9d00000|  0%| F|  |TAMS 0x00000000b9c00000| PB 0x00000000b9c00000| Untracked 
| 925|0x00000000b9d00000, 0x00000000b9d00000, 0x00000000b9e00000|  0%| F|  |TAMS 0x00000000b9d00000| PB 0x00000000b9d00000| Untracked 
| 926|0x00000000b9e00000, 0x00000000b9e00000, 0x00000000b9f00000|  0%| F|  |TAMS 0x00000000b9e00000| PB 0x00000000b9e00000| Untracked 
| 927|0x00000000b9f00000, 0x00000000b9f00000, 0x00000000ba000000|  0%| F|  |TAMS 0x00000000b9f00000| PB 0x00000000b9f00000| Untracked 
| 928|0x00000000ba000000, 0x00000000ba000000, 0x00000000ba100000|  0%| F|  |TAMS 0x00000000ba000000| PB 0x00000000ba000000| Untracked 
| 929|0x00000000ba100000, 0x00000000ba100000, 0x00000000ba200000|  0%| F|  |TAMS 0x00000000ba100000| PB 0x00000000ba100000| Untracked 
| 930|0x00000000ba200000, 0x00000000ba200000, 0x00000000ba300000|  0%| F|  |TAMS 0x00000000ba200000| PB 0x00000000ba200000| Untracked 
| 931|0x00000000ba300000, 0x00000000ba300000, 0x00000000ba400000|  0%| F|  |TAMS 0x00000000ba300000| PB 0x00000000ba300000| Untracked 
| 932|0x00000000ba400000, 0x00000000ba400000, 0x00000000ba500000|  0%| F|  |TAMS 0x00000000ba400000| PB 0x00000000ba400000| Untracked 
| 933|0x00000000ba500000, 0x00000000ba500000, 0x00000000ba600000|  0%| F|  |TAMS 0x00000000ba500000| PB 0x00000000ba500000| Untracked 
| 934|0x00000000ba600000, 0x00000000ba600000, 0x00000000ba700000|  0%| F|  |TAMS 0x00000000ba600000| PB 0x00000000ba600000| Untracked 
| 935|0x00000000ba700000, 0x00000000ba700000, 0x00000000ba800000|  0%| F|  |TAMS 0x00000000ba700000| PB 0x00000000ba700000| Untracked 
| 936|0x00000000ba800000, 0x00000000ba800000, 0x00000000ba900000|  0%| F|  |TAMS 0x00000000ba800000| PB 0x00000000ba800000| Untracked 
| 937|0x00000000ba900000, 0x00000000ba900000, 0x00000000baa00000|  0%| F|  |TAMS 0x00000000ba900000| PB 0x00000000ba900000| Untracked 
| 938|0x00000000baa00000, 0x00000000baa00000, 0x00000000bab00000|  0%| F|  |TAMS 0x00000000baa00000| PB 0x00000000baa00000| Untracked 
| 939|0x00000000bab00000, 0x00000000bab00000, 0x00000000bac00000|  0%| F|  |TAMS 0x00000000bab00000| PB 0x00000000bab00000| Untracked 
| 940|0x00000000bac00000, 0x00000000bac00000, 0x00000000bad00000|  0%| F|  |TAMS 0x00000000bac00000| PB 0x00000000bac00000| Untracked 
| 941|0x00000000bad00000, 0x00000000bad00000, 0x00000000bae00000|  0%| F|  |TAMS 0x00000000bad00000| PB 0x00000000bad00000| Untracked 
| 942|0x00000000bae00000, 0x00000000bae00000, 0x00000000baf00000|  0%| F|  |TAMS 0x00000000bae00000| PB 0x00000000bae00000| Untracked 
| 943|0x00000000baf00000, 0x00000000baf00000, 0x00000000bb000000|  0%| F|  |TAMS 0x00000000baf00000| PB 0x00000000baf00000| Untracked 
| 944|0x00000000bb000000, 0x00000000bb000000, 0x00000000bb100000|  0%| F|  |TAMS 0x00000000bb000000| PB 0x00000000bb000000| Untracked 
| 945|0x00000000bb100000, 0x00000000bb100000, 0x00000000bb200000|  0%| F|  |TAMS 0x00000000bb100000| PB 0x00000000bb100000| Untracked 
| 946|0x00000000bb200000, 0x00000000bb200000, 0x00000000bb300000|  0%| F|  |TAMS 0x00000000bb200000| PB 0x00000000bb200000| Untracked 
| 947|0x00000000bb300000, 0x00000000bb300000, 0x00000000bb400000|  0%| F|  |TAMS 0x00000000bb300000| PB 0x00000000bb300000| Untracked 
| 948|0x00000000bb400000, 0x00000000bb400000, 0x00000000bb500000|  0%| F|  |TAMS 0x00000000bb400000| PB 0x00000000bb400000| Untracked 
| 949|0x00000000bb500000, 0x00000000bb500000, 0x00000000bb600000|  0%| F|  |TAMS 0x00000000bb500000| PB 0x00000000bb500000| Untracked 
| 950|0x00000000bb600000, 0x00000000bb600000, 0x00000000bb700000|  0%| F|  |TAMS 0x00000000bb600000| PB 0x00000000bb600000| Untracked 
| 951|0x00000000bb700000, 0x00000000bb700000, 0x00000000bb800000|  0%| F|  |TAMS 0x00000000bb700000| PB 0x00000000bb700000| Untracked 
| 952|0x00000000bb800000, 0x00000000bb800000, 0x00000000bb900000|  0%| F|  |TAMS 0x00000000bb800000| PB 0x00000000bb800000| Untracked 
| 953|0x00000000bb900000, 0x00000000bb900000, 0x00000000bba00000|  0%| F|  |TAMS 0x00000000bb900000| PB 0x00000000bb900000| Untracked 
| 954|0x00000000bba00000, 0x00000000bba00000, 0x00000000bbb00000|  0%| F|  |TAMS 0x00000000bba00000| PB 0x00000000bba00000| Untracked 
| 955|0x00000000bbb00000, 0x00000000bbb00000, 0x00000000bbc00000|  0%| F|  |TAMS 0x00000000bbb00000| PB 0x00000000bbb00000| Untracked 
| 956|0x00000000bbc00000, 0x00000000bbc00000, 0x00000000bbd00000|  0%| F|  |TAMS 0x00000000bbc00000| PB 0x00000000bbc00000| Untracked 
| 957|0x00000000bbd00000, 0x00000000bbd00000, 0x00000000bbe00000|  0%| F|  |TAMS 0x00000000bbd00000| PB 0x00000000bbd00000| Untracked 
| 958|0x00000000bbe00000, 0x00000000bbe00000, 0x00000000bbf00000|  0%| F|  |TAMS 0x00000000bbe00000| PB 0x00000000bbe00000| Untracked 
| 959|0x00000000bbf00000, 0x00000000bbf00000, 0x00000000bc000000|  0%| F|  |TAMS 0x00000000bbf00000| PB 0x00000000bbf00000| Untracked 
| 960|0x00000000bc000000, 0x00000000bc000000, 0x00000000bc100000|  0%| F|  |TAMS 0x00000000bc000000| PB 0x00000000bc000000| Untracked 
| 961|0x00000000bc100000, 0x00000000bc100000, 0x00000000bc200000|  0%| F|  |TAMS 0x00000000bc100000| PB 0x00000000bc100000| Untracked 
| 962|0x00000000bc200000, 0x00000000bc200000, 0x00000000bc300000|  0%| F|  |TAMS 0x00000000bc200000| PB 0x00000000bc200000| Untracked 
| 963|0x00000000bc300000, 0x00000000bc300000, 0x00000000bc400000|  0%| F|  |TAMS 0x00000000bc300000| PB 0x00000000bc300000| Untracked 
| 964|0x00000000bc400000, 0x00000000bc400000, 0x00000000bc500000|  0%| F|  |TAMS 0x00000000bc400000| PB 0x00000000bc400000| Untracked 
| 965|0x00000000bc500000, 0x00000000bc500000, 0x00000000bc600000|  0%| F|  |TAMS 0x00000000bc500000| PB 0x00000000bc500000| Untracked 
| 966|0x00000000bc600000, 0x00000000bc600000, 0x00000000bc700000|  0%| F|  |TAMS 0x00000000bc600000| PB 0x00000000bc600000| Untracked 
| 967|0x00000000bc700000, 0x00000000bc700000, 0x00000000bc800000|  0%| F|  |TAMS 0x00000000bc700000| PB 0x00000000bc700000| Untracked 
| 968|0x00000000bc800000, 0x00000000bc800000, 0x00000000bc900000|  0%| F|  |TAMS 0x00000000bc800000| PB 0x00000000bc800000| Untracked 
| 969|0x00000000bc900000, 0x00000000bc900000, 0x00000000bca00000|  0%| F|  |TAMS 0x00000000bc900000| PB 0x00000000bc900000| Untracked 
| 970|0x00000000bca00000, 0x00000000bca00000, 0x00000000bcb00000|  0%| F|  |TAMS 0x00000000bca00000| PB 0x00000000bca00000| Untracked 
| 971|0x00000000bcb00000, 0x00000000bcb00000, 0x00000000bcc00000|  0%| F|  |TAMS 0x00000000bcb00000| PB 0x00000000bcb00000| Untracked 
| 972|0x00000000bcc00000, 0x00000000bcc00000, 0x00000000bcd00000|  0%| F|  |TAMS 0x00000000bcc00000| PB 0x00000000bcc00000| Untracked 
| 973|0x00000000bcd00000, 0x00000000bcd00000, 0x00000000bce00000|  0%| F|  |TAMS 0x00000000bcd00000| PB 0x00000000bcd00000| Untracked 
| 974|0x00000000bce00000, 0x00000000bce00000, 0x00000000bcf00000|  0%| F|  |TAMS 0x00000000bce00000| PB 0x00000000bce00000| Untracked 
| 975|0x00000000bcf00000, 0x00000000bcf00000, 0x00000000bd000000|  0%| F|  |TAMS 0x00000000bcf00000| PB 0x00000000bcf00000| Untracked 
| 976|0x00000000bd000000, 0x00000000bd000000, 0x00000000bd100000|  0%| F|  |TAMS 0x00000000bd000000| PB 0x00000000bd000000| Untracked 
| 977|0x00000000bd100000, 0x00000000bd100000, 0x00000000bd200000|  0%| F|  |TAMS 0x00000000bd100000| PB 0x00000000bd100000| Untracked 
| 978|0x00000000bd200000, 0x00000000bd200000, 0x00000000bd300000|  0%| F|  |TAMS 0x00000000bd200000| PB 0x00000000bd200000| Untracked 
| 979|0x00000000bd300000, 0x00000000bd300000, 0x00000000bd400000|  0%| F|  |TAMS 0x00000000bd300000| PB 0x00000000bd300000| Untracked 
| 980|0x00000000bd400000, 0x00000000bd400000, 0x00000000bd500000|  0%| F|  |TAMS 0x00000000bd400000| PB 0x00000000bd400000| Untracked 
| 981|0x00000000bd500000, 0x00000000bd500000, 0x00000000bd600000|  0%| F|  |TAMS 0x00000000bd500000| PB 0x00000000bd500000| Untracked 
| 982|0x00000000bd600000, 0x00000000bd600000, 0x00000000bd700000|  0%| F|  |TAMS 0x00000000bd600000| PB 0x00000000bd600000| Untracked 
| 983|0x00000000bd700000, 0x00000000bd700000, 0x00000000bd800000|  0%| F|  |TAMS 0x00000000bd700000| PB 0x00000000bd700000| Untracked 
| 984|0x00000000bd800000, 0x00000000bd800000, 0x00000000bd900000|  0%| F|  |TAMS 0x00000000bd800000| PB 0x00000000bd800000| Untracked 
| 985|0x00000000bd900000, 0x00000000bd900000, 0x00000000bda00000|  0%| F|  |TAMS 0x00000000bd900000| PB 0x00000000bd900000| Untracked 
| 986|0x00000000bda00000, 0x00000000bda00000, 0x00000000bdb00000|  0%| F|  |TAMS 0x00000000bda00000| PB 0x00000000bda00000| Untracked 
| 987|0x00000000bdb00000, 0x00000000bdb00000, 0x00000000bdc00000|  0%| F|  |TAMS 0x00000000bdb00000| PB 0x00000000bdb00000| Untracked 
| 988|0x00000000bdc00000, 0x00000000bdc00000, 0x00000000bdd00000|  0%| F|  |TAMS 0x00000000bdc00000| PB 0x00000000bdc00000| Untracked 
| 989|0x00000000bdd00000, 0x00000000bdd00000, 0x00000000bde00000|  0%| F|  |TAMS 0x00000000bdd00000| PB 0x00000000bdd00000| Untracked 
| 990|0x00000000bde00000, 0x00000000bde00000, 0x00000000bdf00000|  0%| F|  |TAMS 0x00000000bde00000| PB 0x00000000bde00000| Untracked 
| 991|0x00000000bdf00000, 0x00000000bdf00000, 0x00000000be000000|  0%| F|  |TAMS 0x00000000bdf00000| PB 0x00000000bdf00000| Untracked 
| 992|0x00000000be000000, 0x00000000be000000, 0x00000000be100000|  0%| F|  |TAMS 0x00000000be000000| PB 0x00000000be000000| Untracked 
| 993|0x00000000be100000, 0x00000000be100000, 0x00000000be200000|  0%| F|  |TAMS 0x00000000be100000| PB 0x00000000be100000| Untracked 
| 994|0x00000000be200000, 0x00000000be200000, 0x00000000be300000|  0%| F|  |TAMS 0x00000000be200000| PB 0x00000000be200000| Untracked 
| 995|0x00000000be300000, 0x00000000be300000, 0x00000000be400000|  0%| F|  |TAMS 0x00000000be300000| PB 0x00000000be300000| Untracked 
| 996|0x00000000be400000, 0x00000000be400000, 0x00000000be500000|  0%| F|  |TAMS 0x00000000be400000| PB 0x00000000be400000| Untracked 
| 997|0x00000000be500000, 0x00000000be533788, 0x00000000be600000| 38%| E|  |TAMS 0x00000000be500000| PB 0x00000000be500000| Complete 
| 998|0x00000000be600000, 0x00000000be6fb9d8, 0x00000000be700000| 98%| E|  |TAMS 0x00000000be600000| PB 0x00000000be600000| Complete 
| 999|0x00000000be700000, 0x00000000be800000, 0x00000000be800000|100%| E|CS|TAMS 0x00000000be700000| PB 0x00000000be700000| Complete 
|1000|0x00000000be800000, 0x00000000be900000, 0x00000000be900000|100%| E|CS|TAMS 0x00000000be800000| PB 0x00000000be800000| Complete 
|1001|0x00000000be900000, 0x00000000bea00000, 0x00000000bea00000|100%| E|CS|TAMS 0x00000000be900000| PB 0x00000000be900000| Complete 
|1002|0x00000000bea00000, 0x00000000beb00000, 0x00000000beb00000|100%| E|CS|TAMS 0x00000000bea00000| PB 0x00000000bea00000| Complete 
|1003|0x00000000beb00000, 0x00000000bec00000, 0x00000000bec00000|100%| E|CS|TAMS 0x00000000beb00000| PB 0x00000000beb00000| Complete 
|1004|0x00000000bec00000, 0x00000000bed00000, 0x00000000bed00000|100%| E|CS|TAMS 0x00000000bec00000| PB 0x00000000bec00000| Complete 
|1005|0x00000000bed00000, 0x00000000bee00000, 0x00000000bee00000|100%| E|CS|TAMS 0x00000000bed00000| PB 0x00000000bed00000| Complete 
|1006|0x00000000bee00000, 0x00000000bef00000, 0x00000000bef00000|100%| E|CS|TAMS 0x00000000bee00000| PB 0x00000000bee00000| Complete 
|1007|0x00000000bef00000, 0x00000000bf000000, 0x00000000bf000000|100%| E|CS|TAMS 0x00000000bef00000| PB 0x00000000bef00000| Complete 
|1008|0x00000000bf000000, 0x00000000bf100000, 0x00000000bf100000|100%| E|CS|TAMS 0x00000000bf000000| PB 0x00000000bf000000| Complete 
|1009|0x00000000bf100000, 0x00000000bf200000, 0x00000000bf200000|100%| E|CS|TAMS 0x00000000bf100000| PB 0x00000000bf100000| Complete 
|1010|0x00000000bf200000, 0x00000000bf300000, 0x00000000bf300000|100%| E|CS|TAMS 0x00000000bf200000| PB 0x00000000bf200000| Complete 
|1011|0x00000000bf300000, 0x00000000bf400000, 0x00000000bf400000|100%| E|CS|TAMS 0x00000000bf300000| PB 0x00000000bf300000| Complete 
|1012|0x00000000bf400000, 0x00000000bf500000, 0x00000000bf500000|100%| E|CS|TAMS 0x00000000bf400000| PB 0x00000000bf400000| Complete 
|1013|0x00000000bf500000, 0x00000000bf600000, 0x00000000bf600000|100%| E|CS|TAMS 0x00000000bf500000| PB 0x00000000bf500000| Complete 
|1014|0x00000000bf600000, 0x00000000bf700000, 0x00000000bf700000|100%| E|CS|TAMS 0x00000000bf600000| PB 0x00000000bf600000| Complete 
|1015|0x00000000bf700000, 0x00000000bf800000, 0x00000000bf800000|100%| E|CS|TAMS 0x00000000bf700000| PB 0x00000000bf700000| Complete 
|1016|0x00000000bf800000, 0x00000000bf900000, 0x00000000bf900000|100%| E|CS|TAMS 0x00000000bf800000| PB 0x00000000bf800000| Complete 
|1017|0x00000000bf900000, 0x00000000bfa00000, 0x00000000bfa00000|100%| E|CS|TAMS 0x00000000bf900000| PB 0x00000000bf900000| Complete 
|1018|0x00000000bfa00000, 0x00000000bfb00000, 0x00000000bfb00000|100%| E|CS|TAMS 0x00000000bfa00000| PB 0x00000000bfa00000| Complete 
|1019|0x00000000bfb00000, 0x00000000bfc00000, 0x00000000bfc00000|100%| E|CS|TAMS 0x00000000bfb00000| PB 0x00000000bfb00000| Complete 
|1020|0x00000000bfc00000, 0x00000000bfd00000, 0x00000000bfd00000|100%| E|CS|TAMS 0x00000000bfc00000| PB 0x00000000bfc00000| Complete 
|1021|0x00000000bfd00000, 0x00000000bfe00000, 0x00000000bfe00000|100%| E|CS|TAMS 0x00000000bfd00000| PB 0x00000000bfd00000| Complete 
|1022|0x00000000bfe00000, 0x00000000bff00000, 0x00000000bff00000|100%| E|CS|TAMS 0x00000000bfe00000| PB 0x00000000bfe00000| Complete 
|1023|0x00000000bff00000, 0x00000000c0000000, 0x00000000c0000000|100%| E|CS|TAMS 0x00000000bff00000| PB 0x00000000bff00000| Complete 
|1024|0x00000000c0000000, 0x00000000c0100000, 0x00000000c0100000|100%| E|CS|TAMS 0x00000000c0000000| PB 0x00000000c0000000| Complete 
|1968|0x00000000fb000000, 0x00000000fb100000, 0x00000000fb100000|100%| O|  |TAMS 0x00000000fb000000| PB 0x00000000fb000000| Untracked 
|1969|0x00000000fb100000, 0x00000000fb200000, 0x00000000fb200000|100%| E|CS|TAMS 0x00000000fb100000| PB 0x00000000fb100000| Complete 
|1970|0x00000000fb200000, 0x00000000fb300000, 0x00000000fb300000|100%| E|CS|TAMS 0x00000000fb200000| PB 0x00000000fb200000| Complete 
|1971|0x00000000fb300000, 0x00000000fb400000, 0x00000000fb400000|100%| O|Cm|TAMS 0x00000000fb300000| PB 0x00000000fb300000| Complete 
|1972|0x00000000fb400000, 0x00000000fb500000, 0x00000000fb500000|100%| O|Cm|TAMS 0x00000000fb400000| PB 0x00000000fb400000| Complete 
|1973|0x00000000fb500000, 0x00000000fb600000, 0x00000000fb600000|100%| O|Cm|TAMS 0x00000000fb500000| PB 0x00000000fb500000| Complete 
|1974|0x00000000fb600000, 0x00000000fb700000, 0x00000000fb700000|100%| O|Cm|TAMS 0x00000000fb600000| PB 0x00000000fb600000| Complete 
|1975|0x00000000fb700000, 0x00000000fb800000, 0x00000000fb800000|100%| O|Cm|TAMS 0x00000000fb700000| PB 0x00000000fb700000| Complete 
|1976|0x00000000fb800000, 0x00000000fb900000, 0x00000000fb900000|100%| O|Cm|TAMS 0x00000000fb800000| PB 0x00000000fb800000| Complete 
|1977|0x00000000fb900000, 0x00000000fba00000, 0x00000000fba00000|100%| O|Cm|TAMS 0x00000000fb900000| PB 0x00000000fb900000| Complete 
|1978|0x00000000fba00000, 0x00000000fbb00000, 0x00000000fbb00000|100%| O|Cm|TAMS 0x00000000fba00000| PB 0x00000000fba00000| Complete 
|1979|0x00000000fbb00000, 0x00000000fbc00000, 0x00000000fbc00000|100%| O|Cm|TAMS 0x00000000fbb00000| PB 0x00000000fbb00000| Complete 
|1980|0x00000000fbc00000, 0x00000000fbd00000, 0x00000000fbd00000|100%| O|Cm|TAMS 0x00000000fbc00000| PB 0x00000000fbc00000| Complete 
|1981|0x00000000fbd00000, 0x00000000fbe00000, 0x00000000fbe00000|100%| E|CS|TAMS 0x00000000fbd00000| PB 0x00000000fbd00000| Complete 
|1982|0x00000000fbe00000, 0x00000000fbf00000, 0x00000000fbf00000|100%| O|Cm|TAMS 0x00000000fbe00000| PB 0x00000000fbe00000| Complete 
|1983|0x00000000fbf00000, 0x00000000fc000000, 0x00000000fc000000|100%| O|Cm|TAMS 0x00000000fbf00000| PB 0x00000000fbf00000| Complete 
|1984|0x00000000fc000000, 0x00000000fc100000, 0x00000000fc100000|100%| O|Cm|TAMS 0x00000000fc000000| PB 0x00000000fc000000| Complete 
|1985|0x00000000fc100000, 0x00000000fc200000, 0x00000000fc200000|100%| O|Cm|TAMS 0x00000000fc100000| PB 0x00000000fc100000| Complete 
|1986|0x00000000fc200000, 0x00000000fc300000, 0x00000000fc300000|100%| O|Cm|TAMS 0x00000000fc200000| PB 0x00000000fc200000| Complete 
|1987|0x00000000fc300000, 0x00000000fc400000, 0x00000000fc400000|100%| O|  |TAMS 0x00000000fc300000| PB 0x00000000fc300000| Untracked 
|1988|0x00000000fc400000, 0x00000000fc500000, 0x00000000fc500000|100%| O|  |TAMS 0x00000000fc400000| PB 0x00000000fc400000| Untracked 
|1989|0x00000000fc500000, 0x00000000fc600000, 0x00000000fc600000|100%| E|CS|TAMS 0x00000000fc500000| PB 0x00000000fc500000| Complete 
|1990|0x00000000fc600000, 0x00000000fc700000, 0x00000000fc700000|100%| O|Cm|TAMS 0x00000000fc600000| PB 0x00000000fc600000| Complete 
|1991|0x00000000fc700000, 0x00000000fc800000, 0x00000000fc800000|100%| E|CS|TAMS 0x00000000fc700000| PB 0x00000000fc700000| Complete 
|1992|0x00000000fc800000, 0x00000000fc900000, 0x00000000fc900000|100%| O|  |TAMS 0x00000000fc800000| PB 0x00000000fc800000| Untracked 
|1993|0x00000000fc900000, 0x00000000fca00000, 0x00000000fca00000|100%| O|  |TAMS 0x00000000fc900000| PB 0x00000000fc900000| Untracked 
|1994|0x00000000fca00000, 0x00000000fcb00000, 0x00000000fcb00000|100%| O|  |TAMS 0x00000000fca00000| PB 0x00000000fca00000| Untracked 
|1995|0x00000000fcb00000, 0x00000000fcc00000, 0x00000000fcc00000|100%| O|  |TAMS 0x00000000fcb00000| PB 0x00000000fcb00000| Untracked 
|1996|0x00000000fcc00000, 0x00000000fcd00000, 0x00000000fcd00000|100%| O|  |TAMS 0x00000000fcc00000| PB 0x00000000fcc00000| Untracked 
|1997|0x00000000fcd00000, 0x00000000fce00000, 0x00000000fce00000|100%| O|  |TAMS 0x00000000fcd00000| PB 0x00000000fcd00000| Untracked 
|1998|0x00000000fce00000, 0x00000000fcf00000, 0x00000000fcf00000|100%| O|  |TAMS 0x00000000fce00000| PB 0x00000000fce00000| Untracked 
|1999|0x00000000fcf00000, 0x00000000fd000000, 0x00000000fd000000|100%| O|  |TAMS 0x00000000fcf00000| PB 0x00000000fcf00000| Untracked 
|2000|0x00000000fd000000, 0x00000000fd100000, 0x00000000fd100000|100%| O|  |TAMS 0x00000000fd000000| PB 0x00000000fd000000| Untracked 
|2001|0x00000000fd100000, 0x00000000fd200000, 0x00000000fd200000|100%| O|  |TAMS 0x00000000fd100000| PB 0x00000000fd100000| Untracked 
|2002|0x00000000fd200000, 0x00000000fd300000, 0x00000000fd300000|100%| O|  |TAMS 0x00000000fd200000| PB 0x00000000fd200000| Untracked 
|2003|0x00000000fd300000, 0x00000000fd400000, 0x00000000fd400000|100%| O|  |TAMS 0x00000000fd300000| PB 0x00000000fd300000| Untracked 
|2004|0x00000000fd400000, 0x00000000fd500000, 0x00000000fd500000|100%| O|  |TAMS 0x00000000fd400000| PB 0x00000000fd400000| Untracked 
|2005|0x00000000fd500000, 0x00000000fd600000, 0x00000000fd600000|100%| E|CS|TAMS 0x00000000fd500000| PB 0x00000000fd500000| Complete 
|2006|0x00000000fd600000, 0x00000000fd700000, 0x00000000fd700000|100%| O|  |TAMS 0x00000000fd600000| PB 0x00000000fd600000| Untracked 
|2007|0x00000000fd700000, 0x00000000fd800000, 0x00000000fd800000|100%| O|  |TAMS 0x00000000fd700000| PB 0x00000000fd700000| Untracked 
|2008|0x00000000fd800000, 0x00000000fd900000, 0x00000000fd900000|100%| O|  |TAMS 0x00000000fd800000| PB 0x00000000fd800000| Untracked 
|2009|0x00000000fd900000, 0x00000000fda00000, 0x00000000fda00000|100%| O|  |TAMS 0x00000000fd900000| PB 0x00000000fd900000| Untracked 
|2010|0x00000000fda00000, 0x00000000fdb00000, 0x00000000fdb00000|100%| O|  |TAMS 0x00000000fda00000| PB 0x00000000fda00000| Untracked 
|2011|0x00000000fdb00000, 0x00000000fdc00000, 0x00000000fdc00000|100%| O|  |TAMS 0x00000000fdb00000| PB 0x00000000fdb00000| Untracked 
|2012|0x00000000fdc00000, 0x00000000fdd00000, 0x00000000fdd00000|100%| E|CS|TAMS 0x00000000fdc00000| PB 0x00000000fdc00000| Complete 
|2013|0x00000000fdd00000, 0x00000000fde00000, 0x00000000fde00000|100%| E|CS|TAMS 0x00000000fdd00000| PB 0x00000000fdd00000| Complete 
|2014|0x00000000fde00000, 0x00000000fdf00000, 0x00000000fdf00000|100%| O|Cm|TAMS 0x00000000fde00000| PB 0x00000000fde00000| Complete 
|2015|0x00000000fdf00000, 0x00000000fe000000, 0x00000000fe000000|100%| O|Cm|TAMS 0x00000000fdf00000| PB 0x00000000fdf00000| Complete 
|2016|0x00000000fe000000, 0x00000000fe100000, 0x00000000fe100000|100%| O|  |TAMS 0x00000000fe000000| PB 0x00000000fe000000| Untracked 
|2017|0x00000000fe100000, 0x00000000fe200000, 0x00000000fe200000|100%| E|CS|TAMS 0x00000000fe100000| PB 0x00000000fe100000| Complete 
|2018|0x00000000fe200000, 0x00000000fe300000, 0x00000000fe300000|100%| O|  |TAMS 0x00000000fe200000| PB 0x00000000fe200000| Untracked 
|2019|0x00000000fe300000, 0x00000000fe400000, 0x00000000fe400000|100%| O|  |TAMS 0x00000000fe300000| PB 0x00000000fe300000| Untracked 
|2020|0x00000000fe400000, 0x00000000fe500000, 0x00000000fe500000|100%| E|CS|TAMS 0x00000000fe400000| PB 0x00000000fe400000| Complete 
|2021|0x00000000fe500000, 0x00000000fe600000, 0x00000000fe600000|100%| O|  |TAMS 0x00000000fe500000| PB 0x00000000fe500000| Untracked 
|2022|0x00000000fe600000, 0x00000000fe700000, 0x00000000fe700000|100%| O|  |TAMS 0x00000000fe600000| PB 0x00000000fe600000| Untracked 
|2023|0x00000000fe700000, 0x00000000fe800000, 0x00000000fe800000|100%| O|  |TAMS 0x00000000fe700000| PB 0x00000000fe700000| Untracked 
|2024|0x00000000fe800000, 0x00000000fe900000, 0x00000000fe900000|100%| O|  |TAMS 0x00000000fe800000| PB 0x00000000fe800000| Untracked 
|2025|0x00000000fe900000, 0x00000000fea00000, 0x00000000fea00000|100%| O|  |TAMS 0x00000000fe900000| PB 0x00000000fe900000| Untracked 
|2026|0x00000000fea00000, 0x00000000feb00000, 0x00000000feb00000|100%| O|  |TAMS 0x00000000fea00000| PB 0x00000000fea00000| Untracked 
|2027|0x00000000feb00000, 0x00000000fec00000, 0x00000000fec00000|100%| O|  |TAMS 0x00000000feb00000| PB 0x00000000feb00000| Untracked 
|2028|0x00000000fec00000, 0x00000000fed00000, 0x00000000fed00000|100%| O|  |TAMS 0x00000000fec00000| PB 0x00000000fec00000| Untracked 
|2029|0x00000000fed00000, 0x00000000fee00000, 0x00000000fee00000|100%| O|  |TAMS 0x00000000fed00000| PB 0x00000000fed00000| Untracked 
|2030|0x00000000fee00000, 0x00000000fef00000, 0x00000000fef00000|100%| E|CS|TAMS 0x00000000fee00000| PB 0x00000000fee00000| Complete 
|2031|0x00000000fef00000, 0x00000000ff000000, 0x00000000ff000000|100%| E|CS|TAMS 0x00000000fef00000| PB 0x00000000fef00000| Complete 
|2032|0x00000000ff000000, 0x00000000ff100000, 0x00000000ff100000|100%| O|  |TAMS 0x00000000ff000000| PB 0x00000000ff000000| Untracked 
|2033|0x00000000ff100000, 0x00000000ff200000, 0x00000000ff200000|100%| E|CS|TAMS 0x00000000ff100000| PB 0x00000000ff100000| Complete 
|2034|0x00000000ff200000, 0x00000000ff300000, 0x00000000ff300000|100%| E|CS|TAMS 0x00000000ff200000| PB 0x00000000ff200000| Complete 
|2035|0x00000000ff300000, 0x00000000ff400000, 0x00000000ff400000|100%| E|CS|TAMS 0x00000000ff300000| PB 0x00000000ff300000| Complete 
|2036|0x00000000ff400000, 0x00000000ff500000, 0x00000000ff500000|100%| E|CS|TAMS 0x00000000ff400000| PB 0x00000000ff400000| Complete 
|2037|0x00000000ff500000, 0x00000000ff600000, 0x00000000ff600000|100%| E|CS|TAMS 0x00000000ff500000| PB 0x00000000ff500000| Complete 
|2038|0x00000000ff600000, 0x00000000ff700000, 0x00000000ff700000|100%| O|  |TAMS 0x00000000ff600000| PB 0x00000000ff600000| Untracked 
|2039|0x00000000ff700000, 0x00000000ff800000, 0x00000000ff800000|100%| O|  |TAMS 0x00000000ff700000| PB 0x00000000ff700000| Untracked 
|2040|0x00000000ff800000, 0x00000000ff900000, 0x00000000ff900000|100%| O|  |TAMS 0x00000000ff800000| PB 0x00000000ff800000| Untracked 
|2041|0x00000000ff900000, 0x00000000ffa00000, 0x00000000ffa00000|100%| O|  |TAMS 0x00000000ff900000| PB 0x00000000ff900000| Untracked 
|2042|0x00000000ffa00000, 0x00000000ffb00000, 0x00000000ffb00000|100%| O|  |TAMS 0x00000000ffa00000| PB 0x00000000ffa00000| Untracked 
|2043|0x00000000ffb00000, 0x00000000ffc00000, 0x00000000ffc00000|100%| O|  |TAMS 0x00000000ffb00000| PB 0x00000000ffb00000| Untracked 
|2044|0x00000000ffc00000, 0x00000000ffd00000, 0x00000000ffd00000|100%| O|  |TAMS 0x00000000ffc00000| PB 0x00000000ffc00000| Untracked 
|2045|0x00000000ffd00000, 0x00000000ffe00000, 0x00000000ffe00000|100%| O|  |TAMS 0x00000000ffd00000| PB 0x00000000ffd00000| Untracked 
|2046|0x00000000ffe00000, 0x00000000fff00000, 0x00000000fff00000|100%| O|  |TAMS 0x00000000ffe00000| PB 0x00000000ffe00000| Untracked 
|2047|0x00000000fff00000, 0x0000000100000000, 0x0000000100000000|100%| O|  |TAMS 0x00000000fff00000| PB 0x00000000fff00000| Untracked 

Card table byte_map: [0x0000021c375d0000,0x0000021c379d0000] _byte_map_base: 0x0000021c371d0000

Marking Bits: (CMBitMap*) 0x0000021c1f519de0
 Bits: [0x0000021c379d0000, 0x0000021c399d0000)

Polling page: 0x0000021c1d380000

Metaspace:

Usage:
  Non-class:    114.80 MB used.
      Class:     17.67 MB used.
       Both:    132.47 MB used.

Virtual space:
  Non-class space:      128.00 MB reserved,     116.06 MB ( 91%) committed,  2 nodes.
      Class space:        1.00 GB reserved,      18.94 MB (  2%) committed,  1 nodes.
             Both:        1.12 GB reserved,     135.00 MB ( 12%) committed. 

Chunk freelists:
   Non-Class:  11.08 MB
       Class:  12.91 MB
        Both:  23.99 MB

MaxMetaspaceSize: unlimited
CompressedClassSpaceSize: 1.00 GB
Initial GC threshold: 21.00 MB
Current GC threshold: 222.50 MB
CDS: on
 - commit_granule_bytes: 65536.
 - commit_granule_words: 8192.
 - virtual_space_node_default_size: 8388608.
 - enlarge_chunks_in_place: 1.
 - use_allocation_guard: 0.


Internal statistics:

num_allocs_failed_limit: 9.
num_arena_births: 4770.
num_arena_deaths: 0.
num_vsnodes_births: 3.
num_vsnodes_deaths: 0.
num_space_committed: 2158.
num_space_uncommitted: 0.
num_chunks_returned_to_freelist: 9.
num_chunks_taken_from_freelist: 10947.
num_chunk_merges: 9.
num_chunk_splits: 7188.
num_chunks_enlarged: 4583.
num_inconsistent_stats: 0.

CodeHeap 'non-profiled nmethods': size=119168Kb used=13450Kb max_used=13537Kb free=105718Kb
 bounds [0x0000021c2f4f0000, 0x0000021c30230000, 0x0000021c36950000]
CodeHeap 'profiled nmethods': size=119104Kb used=35828Kb max_used=36141Kb free=83275Kb
 bounds [0x0000021c27950000, 0x0000021c29ca0000, 0x0000021c2eda0000]
CodeHeap 'non-nmethods': size=7488Kb used=3422Kb max_used=4068Kb free=4065Kb
 bounds [0x0000021c2eda0000, 0x0000021c2f1b0000, 0x0000021c2f4f0000]
 total_blobs=19779 nmethods=18807 adapters=873
 compilation: enabled
              stopped_count=0, restarted_count=0
 full_count=0

Compilation events (20 events):
Event: 44.942 Thread 0x0000021c053ab250 nmethod 24209 0x0000021c28c5d410 code [0x0000021c28c5d860, 0x0000021c28c5fc10]
Event: 44.942 Thread 0x0000021c053ab250 24217       3       com.android.tools.r8.synthesis.t::a (330 bytes)
Event: 44.942 Thread 0x0000021c3c99a5b0 24218       3       com.android.tools.r8.synthesis.r0$b::a (12 bytes)
Event: 44.943 Thread 0x0000021c3c99a5b0 nmethod 24218 0x0000021c28c5cf10 code [0x0000021c28c5d0c0, 0x0000021c28c5d320]
Event: 44.943 Thread 0x0000021c3c99a5b0 24219       3       com.android.tools.r8.synthesis.t$$Lambda/0x0000021c3f2fa940::<init> (15 bytes)
Event: 44.943 Thread 0x0000021c053aab80 nmethod 24216 0x0000021c293e3210 code [0x0000021c293e3520, 0x0000021c293e47e0]
Event: 44.943 Thread 0x0000021c3c99a5b0 nmethod 24219 0x0000021c28c5ca90 code [0x0000021c28c5cc40, 0x0000021c28c5ce60]
Event: 44.943 Thread 0x0000021c3c99a5b0 24220       3       com.android.tools.r8.synthesis.t$$Lambda/0x0000021c3f2fab58::<init> (10 bytes)
Event: 44.943 Thread 0x0000021c053aab80 24221       3       com.android.tools.r8.internal.m54::a (42 bytes)
Event: 44.943 Thread 0x0000021c3c99a5b0 nmethod 24220 0x0000021c28c5c690 code [0x0000021c28c5c840, 0x0000021c28c5c9f8]
Event: 44.943 Thread 0x0000021c053aab80 nmethod 24221 0x0000021c293e2390 code [0x0000021c293e25c0, 0x0000021c293e2f48]
Event: 44.944 Thread 0x0000021c12b653a0 nmethod 24201 0x0000021c28352810 code [0x0000021c28353080, 0x0000021c283592a0]
Event: 44.944 Thread 0x0000021c053ab250 nmethod 24217 0x0000021c293de490 code [0x0000021c293de980, 0x0000021c293e1670]
Event: 44.944 Thread 0x0000021c12b653a0 24222       3       com.android.tools.r8.graph.u3::d (10 bytes)
Event: 44.944 Thread 0x0000021c3c99a5b0 24223       3       com.android.tools.r8.internal.fa0::k (28 bytes)
Event: 44.944 Thread 0x0000021c12b653a0 nmethod 24222 0x0000021c28c5c290 code [0x0000021c28c5c440, 0x0000021c28c5c5d0]
Event: 44.945 Thread 0x0000021c3c99a5b0 nmethod 24223 0x0000021c28cbe490 code [0x0000021c28cbe7e0, 0x0000021c28cbfe18]
Event: 45.821 Thread 0x0000021c3c99a5b0 24224       3       java.util.HashMap$ValueSpliterator::tryAdvance (138 bytes)
Event: 45.821 Thread 0x0000021c053ab250 24225       3       java.lang.management.ManagementFactory$PlatformMBeanFinder$$Lambda/0x0000021c3e070fc0::test (12 bytes)
Event: 45.821 Thread 0x0000021c053aab80 24226       3       java.lang.management.ManagementFactory$PlatformMBeanFinder::lambda$findFirst$0 (13 bytes)

GC Heap History (20 events):
Event: 38.781 GC heap before
{Heap before GC invocations=60 (full 0):
 garbage-first heap   total 418816K, used 416548K [0x0000000080000000, 0x0000000100000000)
  region size 1024K, 114 young (116736K), 15 survivors (15360K)
 Metaspace       used 124821K, committed 127424K, reserved 1179648K
  class space    used 16422K, committed 17728K, reserved 1048576K
}
Event: 38.794 GC heap after
{Heap after GC invocations=61 (full 0):
 garbage-first heap   total 461824K, used 302569K [0x0000000080000000, 0x0000000100000000)
  region size 1024K, 23 young (23552K), 23 survivors (23552K)
 Metaspace       used 124821K, committed 127424K, reserved 1179648K
  class space    used 16422K, committed 17728K, reserved 1048576K
}
Event: 39.202 GC heap before
{Heap before GC invocations=61 (full 0):
 garbage-first heap   total 461824K, used 460265K [0x0000000080000000, 0x0000000100000000)
  region size 1024K, 119 young (121856K), 23 survivors (23552K)
 Metaspace       used 125142K, committed 127680K, reserved 1179648K
  class space    used 16463K, committed 17728K, reserved 1048576K
}
Event: 39.231 GC heap after
{Heap after GC invocations=62 (full 0):
 garbage-first heap   total 523264K, used 329401K [0x0000000080000000, 0x0000000100000000)
  region size 1024K, 17 young (17408K), 17 survivors (17408K)
 Metaspace       used 125142K, committed 127680K, reserved 1179648K
  class space    used 16463K, committed 17728K, reserved 1048576K
}
Event: 39.241 GC heap before
{Heap before GC invocations=62 (full 0):
 garbage-first heap   total 523264K, used 332473K [0x0000000080000000, 0x0000000100000000)
  region size 1024K, 21 young (21504K), 17 survivors (17408K)
 Metaspace       used 125142K, committed 127680K, reserved 1179648K
  class space    used 16463K, committed 17728K, reserved 1048576K
}
Event: 39.253 GC heap after
{Heap after GC invocations=63 (full 0):
 garbage-first heap   total 523264K, used 334040K [0x0000000080000000, 0x0000000100000000)
  region size 1024K, 4 young (4096K), 4 survivors (4096K)
 Metaspace       used 125142K, committed 127680K, reserved 1179648K
  class space    used 16463K, committed 17728K, reserved 1048576K
}
Event: 39.628 GC heap before
{Heap before GC invocations=64 (full 0):
 garbage-first heap   total 592896K, used 436440K [0x0000000080000000, 0x0000000100000000)
  region size 1024K, 96 young (98304K), 4 survivors (4096K)
 Metaspace       used 125200K, committed 127808K, reserved 1179648K
  class space    used 16474K, committed 17792K, reserved 1048576K
}
Event: 39.649 GC heap after
{Heap after GC invocations=65 (full 0):
 garbage-first heap   total 592896K, used 378113K [0x0000000080000000, 0x0000000100000000)
  region size 1024K, 12 young (12288K), 12 survivors (12288K)
 Metaspace       used 125200K, committed 127808K, reserved 1179648K
  class space    used 16474K, committed 17792K, reserved 1048576K
}
Event: 40.396 GC heap before
{Heap before GC invocations=65 (full 0):
 garbage-first heap   total 592896K, used 485633K [0x0000000080000000, 0x0000000100000000)
  region size 1024K, 115 young (117760K), 12 survivors (12288K)
 Metaspace       used 128161K, committed 130752K, reserved 1179648K
  class space    used 17100K, committed 18368K, reserved 1048576K
}
Event: 40.419 GC heap after
{Heap after GC invocations=66 (full 0):
 garbage-first heap   total 592896K, used 394944K [0x0000000080000000, 0x0000000100000000)
  region size 1024K, 15 young (15360K), 15 survivors (15360K)
 Metaspace       used 128161K, committed 130752K, reserved 1179648K
  class space    used 17100K, committed 18368K, reserved 1048576K
}
Event: 40.879 GC heap before
{Heap before GC invocations=66 (full 0):
 garbage-first heap   total 592896K, used 497344K [0x0000000080000000, 0x0000000100000000)
  region size 1024K, 116 young (118784K), 15 survivors (15360K)
 Metaspace       used 128334K, committed 130944K, reserved 1179648K
  class space    used 17115K, committed 18432K, reserved 1048576K
}
Event: 40.917 GC heap after
{Heap after GC invocations=67 (full 0):
 garbage-first heap   total 592896K, used 443904K [0x0000000080000000, 0x0000000100000000)
  region size 1024K, 15 young (15360K), 15 survivors (15360K)
 Metaspace       used 128334K, committed 130944K, reserved 1179648K
  class space    used 17115K, committed 18432K, reserved 1048576K
}
Event: 41.202 GC heap before
{Heap before GC invocations=67 (full 0):
 garbage-first heap   total 841728K, used 512512K [0x0000000080000000, 0x0000000100000000)
  region size 1024K, 89 young (91136K), 15 survivors (15360K)
 Metaspace       used 128546K, committed 131136K, reserved 1179648K
  class space    used 17143K, committed 18432K, reserved 1048576K
}
Event: 41.232 GC heap after
{Heap after GC invocations=68 (full 0):
 garbage-first heap   total 892928K, used 477184K [0x0000000080000000, 0x0000000100000000)
  region size 1024K, 12 young (12288K), 12 survivors (12288K)
 Metaspace       used 128546K, committed 131136K, reserved 1179648K
  class space    used 17143K, committed 18432K, reserved 1048576K
}
Event: 41.681 GC heap before
{Heap before GC invocations=69 (full 0):
 garbage-first heap   total 892928K, used 675840K [0x0000000080000000, 0x0000000100000000)
  region size 1024K, 207 young (211968K), 12 survivors (12288K)
 Metaspace       used 128825K, committed 131456K, reserved 1179648K
  class space    used 17175K, committed 18496K, reserved 1048576K
}
Event: 41.740 GC heap after
{Heap after GC invocations=70 (full 0):
 garbage-first heap   total 892928K, used 577536K [0x0000000080000000, 0x0000000100000000)
  region size 1024K, 26 young (26624K), 26 survivors (26624K)
 Metaspace       used 128825K, committed 131456K, reserved 1179648K
  class space    used 17175K, committed 18496K, reserved 1048576K
}
Event: 42.192 GC heap before
{Heap before GC invocations=70 (full 0):
 garbage-first heap   total 892928K, used 740352K [0x0000000080000000, 0x0000000100000000)
  region size 1024K, 172 young (176128K), 26 survivors (26624K)
 Metaspace       used 129095K, committed 131648K, reserved 1179648K
  class space    used 17196K, committed 18496K, reserved 1048576K
}
Event: 42.249 GC heap after
{Heap after GC invocations=71 (full 0):
 garbage-first heap   total 892928K, used 657664K [0x0000000080000000, 0x0000000100000000)
  region size 1024K, 22 young (22528K), 22 survivors (22528K)
 Metaspace       used 129095K, committed 131648K, reserved 1179648K
  class space    used 17196K, committed 18496K, reserved 1048576K
}
Event: 43.456 GC heap before
{Heap before GC invocations=71 (full 0):
 garbage-first heap   total 892928K, used 766208K [0x0000000080000000, 0x0000000100000000)
  region size 1024K, 129 young (132096K), 22 survivors (22528K)
 Metaspace       used 133676K, committed 136256K, reserved 1179648K
  class space    used 17794K, committed 19072K, reserved 1048576K
}
Event: 43.476 GC heap after
{Heap after GC invocations=72 (full 0):
 garbage-first heap   total 892928K, used 672046K [0x0000000080000000, 0x0000000100000000)
  region size 1024K, 12 young (12288K), 12 survivors (12288K)
 Metaspace       used 133676K, committed 136256K, reserved 1179648K
  class space    used 17794K, committed 19072K, reserved 1048576K
}

Dll operation events (16 events):
Event: 0.011 Loaded shared library C:\Program Files\Java\jdk-21\bin\java.dll
Event: 0.042 Loaded shared library C:\Program Files\Java\jdk-21\bin\jsvml.dll
Event: 0.074 Loaded shared library C:\Program Files\Java\jdk-21\bin\zip.dll
Event: 0.077 Loaded shared library C:\Program Files\Java\jdk-21\bin\instrument.dll
Event: 0.081 Loaded shared library C:\Program Files\Java\jdk-21\bin\net.dll
Event: 0.082 Loaded shared library C:\Program Files\Java\jdk-21\bin\nio.dll
Event: 0.084 Loaded shared library C:\Program Files\Java\jdk-21\bin\zip.dll
Event: 0.309 Loaded shared library C:\Program Files\Java\jdk-21\bin\jimage.dll
Event: 0.566 Loaded shared library C:\Program Files\Java\jdk-21\bin\verify.dll
Event: 0.597 Loaded shared library C:\Users\Elsobky\.gradle\native\1def1411415f61bf3af743bc5b6707747c0891f09f0c88961ee8f79bc544acac\windows-amd64\native-platform.dll
Event: 0.609 Loaded shared library C:\Users\Elsobky\.gradle\native\0.2.8\x86_64-windows-gnu\gradle-fileevents.dll
Event: 1.783 Loaded shared library C:\Program Files\Java\jdk-21\bin\management.dll
Event: 1.785 Loaded shared library C:\Program Files\Java\jdk-21\bin\management_ext.dll
Event: 1.922 Loaded shared library C:\Program Files\Java\jdk-21\bin\extnet.dll
Event: 2.139 Loaded shared library C:\Program Files\Java\jdk-21\bin\sunmscapi.dll
Event: 37.415 Loaded shared library C:\Program Files\Java\jdk-21\bin\rmi.dll

Deoptimization events (20 events):
Event: 44.812 Thread 0x0000021c080bc170 Uncommon trap: trap_request=0xffffffc6 fr.pc=0x0000021c302268f8 relative=0x00000000000003b8
Event: 44.812 Thread 0x0000021c080bc170 Uncommon trap: reason=bimorphic_or_optimized_type_check action=maybe_recompile pc=0x0000021c302268f8 method=com.android.tools.r8.graph.ma.b(Ljava/util/function/Predicate;Ljava/util/function/Consumer;Lcom/android/tools/r8/graph/j3;)V @ 12 c2
Event: 44.812 Thread 0x0000021c080bc170 DEOPT PACKING pc=0x0000021c302268f8 sp=0x000000f80a1fd530
Event: 44.812 Thread 0x0000021c080bc170 DEOPT UNPACKING pc=0x0000021c2edf46a2 sp=0x000000f80a1fd420 mode 2
Event: 44.812 Thread 0x0000021c080bc170 Uncommon trap: trap_request=0xffffffc6 fr.pc=0x0000021c2ff6f5d8 relative=0x00000000000001f8
Event: 44.812 Thread 0x0000021c080bc170 Uncommon trap: reason=bimorphic_or_optimized_type_check action=maybe_recompile pc=0x0000021c2ff6f5d8 method=com.android.tools.r8.graph.ma.b(Ljava/util/function/Predicate;Ljava/util/function/Consumer;Lcom/android/tools/r8/graph/j3;)V @ 12 c2
Event: 44.812 Thread 0x0000021c080bc170 DEOPT PACKING pc=0x0000021c2ff6f5d8 sp=0x000000f80a1fd4d0
Event: 44.812 Thread 0x0000021c080bc170 DEOPT UNPACKING pc=0x0000021c2edf46a2 sp=0x000000f80a1fd428 mode 2
Event: 44.942 Thread 0x0000021c080bc170 Uncommon trap: trap_request=0xffffffc6 fr.pc=0x0000021c2f69151c relative=0x0000000000000abc
Event: 44.942 Thread 0x0000021c080bc170 Uncommon trap: reason=bimorphic_or_optimized_type_check action=maybe_recompile pc=0x0000021c2f69151c method=java.util.function.Function.lambda$andThen$1(Ljava/util/function/Function;Ljava/lang/Object;)Ljava/lang/Object; @ 8 c2
Event: 44.942 Thread 0x0000021c080bc170 DEOPT PACKING pc=0x0000021c2f69151c sp=0x000000f80a1fd400
Event: 44.942 Thread 0x0000021c080bc170 DEOPT UNPACKING pc=0x0000021c2edf46a2 sp=0x000000f80a1fd2a8 mode 2
Event: 44.942 Thread 0x0000021c080bc170 Uncommon trap: trap_request=0xffffff76 fr.pc=0x0000021c2f692e78 relative=0x00000000000003d8
Event: 44.942 Thread 0x0000021c080bc170 Uncommon trap: reason=predicate action=maybe_recompile pc=0x0000021c2f692e78 method=com.android.tools.r8.internal.fx.a(Ljava/util/Iterator;Ljava/util/Iterator;Lcom/android/tools/r8/internal/k54;)I @ 5 c2
Event: 44.942 Thread 0x0000021c080bc170 DEOPT PACKING pc=0x0000021c2f692e78 sp=0x000000f80a1fd360
Event: 44.942 Thread 0x0000021c080bc170 DEOPT UNPACKING pc=0x0000021c2edf46a2 sp=0x000000f80a1fd318 mode 2
Event: 44.942 Thread 0x0000021c080bc170 Uncommon trap: trap_request=0xffffff45 fr.pc=0x0000021c2f6b81c4 relative=0x0000000000000b84
Event: 44.942 Thread 0x0000021c080bc170 Uncommon trap: reason=unstable_if action=reinterpret pc=0x0000021c2f6b81c4 method=com.android.tools.r8.graph.y5.a(Lcom/android/tools/r8/graph/y5;)Z @ 2 c2
Event: 44.942 Thread 0x0000021c080bc170 DEOPT PACKING pc=0x0000021c2f6b81c4 sp=0x000000f80a1fc970
Event: 44.942 Thread 0x0000021c080bc170 DEOPT UNPACKING pc=0x0000021c2edf46a2 sp=0x000000f80a1fc8d0 mode 2

Classes loaded (20 events):
Event: 44.516 Loading class javax/management/InstanceAlreadyExistsException
Event: 44.516 Loading class javax/management/InstanceAlreadyExistsException done
Event: 44.516 Loading class javax/management/MBeanRegistrationException
Event: 44.517 Loading class javax/management/MBeanException
Event: 44.517 Loading class javax/management/MBeanException done
Event: 44.517 Loading class javax/management/MBeanRegistrationException done
Event: 44.517 Loading class javax/management/NotCompliantMBeanException
Event: 44.517 Loading class javax/management/NotCompliantMBeanException done
Event: 44.517 Loading class javax/management/AttributeNotFoundException
Event: 44.518 Loading class javax/management/AttributeNotFoundException done
Event: 44.518 Loading class javax/management/ReflectionException
Event: 44.518 Loading class javax/management/ReflectionException done
Event: 44.518 Loading class javax/management/InstanceNotFoundException
Event: 44.518 Loading class javax/management/InstanceNotFoundException done
Event: 44.529 Loading class sun/reflect/misc/MethodUtil
Event: 44.529 Loading class sun/reflect/misc/MethodUtil done
Event: 44.530 Loading class sun/reflect/misc/MethodUtil$1
Event: 44.530 Loading class sun/reflect/misc/MethodUtil$1 done
Event: 44.573 Loading class java/util/IdentityHashMap$ValueIterator
Event: 44.574 Loading class java/util/IdentityHashMap$ValueIterator done

Classes unloaded (0 events):
No events

Classes redefined (0 events):
No events

Internal exceptions (20 events):
Event: 42.688 Thread 0x0000021c080bc170 Exception <a 'java/lang/NoSuchMethodError'{0x00000000b0b67e08}: 'void java.lang.invoke.DirectMethodHandle$Holder.invokeInterface(java.lang.Object, java.lang.Object, java.lang.Object, int)'> (0x00000000b0b67e08) 
thrown [s\open\src\hotspot\share\interpreter\linkResolver.cpp, line 773]
Event: 43.618 Thread 0x0000021c06a07000 Exception <a 'java/lang/NoSuchMethodError'{0x00000000fe1fbfb0}: static Ljava/lang/Object;.<clinit>()V> (0x00000000fe1fbfb0) 
thrown [s\open\src\hotspot\share\prims\jni.cpp, line 1111]
Event: 43.900 Thread 0x0000021c06a07000 Exception <a 'java/lang/NoSuchMethodError'{0x00000000aece1a90}: static Lcom/android/build/gradle/internal/tasks/MergeNativeLibsTask$InputFile;.<clinit>()V> (0x00000000aece1a90) 
thrown [s\open\src\hotspot\share\prims\jni.cpp, line 1111]
Event: 43.995 Thread 0x0000021c09b9bb60 Exception <a 'java/lang/NoSuchMethodError'{0x00000000ae8756b8}: 'void java.lang.invoke.DirectMethodHandle$Holder.invokeInterface(java.lang.Object, java.lang.Object, int, java.lang.Object)'> (0x00000000ae8756b8) 
thrown [s\open\src\hotspot\share\interpreter\linkResolver.cpp, line 773]
Event: 43.996 Thread 0x0000021c09b9bb60 Exception <a 'java/lang/NoSuchMethodError'{0x00000000ae87a4e0}: 'void java.lang.invoke.DelegatingMethodHandle$Holder.reinvoke_L(java.lang.Object, java.lang.Object, int, java.lang.Object)'> (0x00000000ae87a4e0) 
thrown [s\open\src\hotspot\share\interpreter\linkResolver.cpp, line 773]
Event: 44.471 Thread 0x0000021c080bc170 Implicit null exception at 0x0000021c2fd77779 to 0x0000021c2fd78394
Event: 44.474 Thread 0x0000021c09b9bb60 Exception <a 'java/lang/NoSuchMethodError'{0x00000000fe4237c0}: 'void java.lang.invoke.DelegatingMethodHandle$Holder.reinvoke_L(java.lang.Object, java.lang.Object, int, int, java.lang.Object, java.lang.Object)'> (0x00000000fe4237c0) 
thrown [s\open\src\hotspot\share\interpreter\linkResolver.cpp, line 773]
Event: 44.531 Thread 0x0000021c06a07690 Implicit null exception at 0x0000021c2f510766 to 0x0000021c2f51080c
Event: 44.532 Thread 0x0000021c06a07690 Implicit null exception at 0x0000021c2f660cdc to 0x0000021c2f663700
Event: 44.600 Thread 0x0000021c06a07690 Exception <a 'sun/nio/fs/WindowsException'{0x00000000bfbdfd88}> (0x00000000bfbdfd88) 
thrown [s\open\src\hotspot\share\prims\jni.cpp, line 520]
Event: 44.600 Thread 0x0000021c06a07690 Exception <a 'sun/nio/fs/WindowsException'{0x00000000bfbe0c80}> (0x00000000bfbe0c80) 
thrown [s\open\src\hotspot\share\prims\jni.cpp, line 520]
Event: 44.600 Thread 0x0000021c06a07690 Exception <a 'sun/nio/fs/WindowsException'{0x00000000bfbe0e18}> (0x00000000bfbe0e18) 
thrown [s\open\src\hotspot\share\prims\jni.cpp, line 520]
Event: 44.600 Thread 0x0000021c06a07690 Exception <a 'sun/nio/fs/WindowsException'{0x00000000bfbe1f20}> (0x00000000bfbe1f20) 
thrown [s\open\src\hotspot\share\prims\jni.cpp, line 520]
Event: 44.606 Thread 0x0000021c080bc170 Exception <a 'java/lang/IncompatibleClassChangeError'{0x00000000bfb4ff18}: Found class java.lang.Object, but interface was expected> (0x00000000bfb4ff18) 
thrown [s\open\src\hotspot\share\interpreter\linkResolver.cpp, line 840]
Event: 44.690 Thread 0x0000021c080bc170 Exception <a 'java/lang/NoSuchMethodError'{0x00000000bf97fad0}: 'java.lang.Object java.lang.invoke.DirectMethodHandle$Holder.newInvokeSpecial(java.lang.Object, int, java.lang.Object, java.lang.Object, java.lang.Object)'> (0x00000000bf97fad0) 
thrown [s\open\src\hotspot\share\interpreter\linkResolver.cpp, line 773]
Event: 44.690 Thread 0x0000021c080bc170 Exception <a 'java/lang/NoSuchMethodError'{0x00000000bf9839f8}: 'java.lang.Object java.lang.invoke.DirectMethodHandle$Holder.invokeSpecial(java.lang.Object, java.lang.Object, int, java.lang.Object, java.lang.Object, java.lang.Object)'> (0x00000000bf9839f8) 
thrown [s\open\src\hotspot\share\interpreter\linkResolver.cpp, line 773]
Event: 44.842 Thread 0x0000021c09cfaab0 Exception <a 'sun/nio/fs/WindowsException'{0x00000000bf4100a8}> (0x00000000bf4100a8) 
thrown [s\open\src\hotspot\share\prims\jni.cpp, line 520]
Event: 44.843 Thread 0x0000021c09cfaab0 Exception <a 'sun/nio/fs/WindowsException'{0x00000000bf414990}> (0x00000000bf414990) 
thrown [s\open\src\hotspot\share\prims\jni.cpp, line 520]
Event: 44.843 Thread 0x0000021c09cfaab0 Exception <a 'sun/nio/fs/WindowsException'{0x00000000bf414b58}> (0x00000000bf414b58) 
thrown [s\open\src\hotspot\share\prims\jni.cpp, line 520]
Event: 44.879 Thread 0x0000021c09cfaab0 Exception <a 'sun/nio/fs/WindowsException'{0x00000000bf2cc9f0}> (0x00000000bf2cc9f0) 
thrown [s\open\src\hotspot\share\prims\jni.cpp, line 520]

ZGC Phase Switch (0 events):
No events

VM Operations (20 events):
Event: 43.478 Executing VM operation: G1CollectForAllocation (G1 Evacuation Pause) done
Event: 43.614 Executing VM operation: HandshakeAllThreads (Deoptimize)
Event: 43.615 Executing VM operation: HandshakeAllThreads (Deoptimize) done
Event: 43.685 Executing VM operation: HandshakeAllThreads (Deoptimize)
Event: 43.686 Executing VM operation: HandshakeAllThreads (Deoptimize) done
Event: 43.979 Executing VM operation: HandshakeAllThreads (Deoptimize)
Event: 43.980 Executing VM operation: HandshakeAllThreads (Deoptimize) done
Event: 44.001 Executing VM operation: G1PauseRemark
Event: 44.464 Executing VM operation: G1PauseRemark done
Event: 44.552 Executing VM operation: HandshakeAllThreads (Deoptimize)
Event: 44.552 Executing VM operation: HandshakeAllThreads (Deoptimize) done
Event: 44.605 Executing VM operation: HandshakeAllThreads (Deoptimize)
Event: 44.606 Executing VM operation: HandshakeAllThreads (Deoptimize) done
Event: 44.687 Executing VM operation: HandshakeAllThreads (Deoptimize)
Event: 44.688 Executing VM operation: HandshakeAllThreads (Deoptimize) done
Event: 44.764 Executing VM operation: HandshakeAllThreads (Deoptimize)
Event: 44.765 Executing VM operation: HandshakeAllThreads (Deoptimize) done
Event: 44.809 Executing VM operation: ICBufferFull
Event: 44.811 Executing VM operation: ICBufferFull done
Event: 45.811 Executing VM operation: Cleanup

Events (20 events):
Event: 44.016 Thread 0x0000021c3c96a930 flushing nmethod 0x0000021c28efa610
Event: 44.016 Thread 0x0000021c3c96a930 flushing nmethod 0x0000021c2fd61010
Event: 44.016 Thread 0x0000021c3c96a930 flushing nmethod 0x0000021c2ff18290
Event: 44.016 Thread 0x0000021c3c96a930 flushing nmethod 0x0000021c2ff25510
Event: 44.016 Thread 0x0000021c3c96a930 flushing nmethod 0x0000021c301b0b90
Event: 44.016 Thread 0x0000021c3c96a930 flushing nmethod 0x0000021c27e4df10
Event: 44.016 Thread 0x0000021c3c96a930 flushing nmethod 0x0000021c28219410
Event: 44.016 Thread 0x0000021c3c96a930 flushing nmethod 0x0000021c2821bd10
Event: 44.016 Thread 0x0000021c3c96a930 flushing nmethod 0x0000021c2876a010
Event: 44.016 Thread 0x0000021c3c96a930 flushing nmethod 0x0000021c287ec010
Event: 44.016 Thread 0x0000021c3c96a930 flushing nmethod 0x0000021c28c5bc10
Event: 44.016 Thread 0x0000021c3c96a930 flushing nmethod 0x0000021c28fba910
Event: 44.016 Thread 0x0000021c3c96a930 flushing nmethod 0x0000021c29324190
Event: 44.016 Thread 0x0000021c3c96a930 flushing nmethod 0x0000021c29358810
Event: 44.016 Thread 0x0000021c3c96a930 flushing nmethod 0x0000021c294b6610
Event: 44.016 Thread 0x0000021c3c96a930 flushing nmethod 0x0000021c294b7610
Event: 44.466 Thread 0x0000021c12b64600 Thread added: 0x0000021c12b64600
Event: 44.472 Thread 0x0000021c04c477f0 Thread exited: 0x0000021c04c477f0
Event: 44.667 Thread 0x0000021c12b653a0 Thread added: 0x0000021c12b653a0
Event: 45.821 Thread 0x0000021c12b653a0 Thread exited: 0x0000021c12b653a0


Dynamic libraries:
0x00007ff62f270000 - 0x00007ff62f280000 	C:\Program Files\Java\jdk-21\bin\java.exe
0x00007ffba6be0000 - 0x00007ffba6e47000 	C:\WINDOWS\SYSTEM32\ntdll.dll
0x00007ffba58e0000 - 0x00007ffba59a9000 	C:\WINDOWS\System32\KERNEL32.DLL
0x00007ffba41f0000 - 0x00007ffba45e1000 	C:\WINDOWS\System32\KERNELBASE.dll
0x00007ffba3d50000 - 0x00007ffba3e9b000 	C:\WINDOWS\System32\ucrtbase.dll
0x00007ffb70ee0000 - 0x00007ffb70efb000 	C:\Program Files\Java\jdk-21\bin\VCRUNTIME140.dll
0x00007ffb77840000 - 0x00007ffb77859000 	C:\Program Files\Java\jdk-21\bin\jli.dll
0x00007ffba5000000 - 0x00007ffba50b4000 	C:\WINDOWS\System32\ADVAPI32.dll
0x00007ffba4980000 - 0x00007ffba4a29000 	C:\WINDOWS\System32\msvcrt.dll
0x00007ffba4a30000 - 0x00007ffba4ad6000 	C:\WINDOWS\System32\sechost.dll
0x00007ffba6860000 - 0x00007ffba6978000 	C:\WINDOWS\System32\RPCRT4.dll
0x00007ffba5e60000 - 0x00007ffba6025000 	C:\WINDOWS\System32\USER32.dll
0x00007ffba3d20000 - 0x00007ffba3d47000 	C:\WINDOWS\System32\win32u.dll
0x00007ffb8e520000 - 0x00007ffb8e7b3000 	C:\WINDOWS\WinSxS\amd64_microsoft.windows.common-controls_6595b64144ccf1df_6.0.26100.7724_none_3e0870d6e3345411\COMCTL32.dll
0x00007ffba4ae0000 - 0x00007ffba4b0b000 	C:\WINDOWS\System32\GDI32.dll
0x00007ffba3f50000 - 0x00007ffba407a000 	C:\WINDOWS\System32\gdi32full.dll
0x00007ffba3ea0000 - 0x00007ffba3f43000 	C:\WINDOWS\System32\msvcp_win.dll
0x00007ffb9c150000 - 0x00007ffb9c15b000 	C:\WINDOWS\SYSTEM32\VERSION.dll
0x00007ffba5310000 - 0x00007ffba5341000 	C:\WINDOWS\System32\IMM32.DLL
0x00007ffb91650000 - 0x00007ffb9165c000 	C:\Program Files\Java\jdk-21\bin\vcruntime140_1.dll
0x00007ffb16fb0000 - 0x00007ffb1703e000 	C:\Program Files\Java\jdk-21\bin\msvcp140.dll
0x00007ffabde90000 - 0x00007ffabebad000 	C:\Program Files\Java\jdk-21\bin\server\jvm.dll
0x00007ffba6980000 - 0x00007ffba69f4000 	C:\WINDOWS\System32\WS2_32.dll
0x00007ffba3310000 - 0x00007ffba336e000 	C:\WINDOWS\SYSTEM32\POWRPROF.dll
0x00007ffb9c110000 - 0x00007ffb9c145000 	C:\WINDOWS\SYSTEM32\WINMM.dll
0x00007ffba32f0000 - 0x00007ffba3304000 	C:\WINDOWS\SYSTEM32\UMPDC.dll
0x00007ffba2190000 - 0x00007ffba21ab000 	C:\WINDOWS\SYSTEM32\kernel.appcore.dll
0x00007ffb877c0000 - 0x00007ffb877ca000 	C:\Program Files\Java\jdk-21\bin\jimage.dll
0x00007ffba14b0000 - 0x00007ffba16f2000 	C:\WINDOWS\SYSTEM32\DBGHELP.DLL
0x00007ffba4c40000 - 0x00007ffba4fc3000 	C:\WINDOWS\System32\combase.dll
0x00007ffba5a70000 - 0x00007ffba5b47000 	C:\WINDOWS\System32\OLEAUT32.dll
0x00007ffb8b230000 - 0x00007ffb8b26b000 	C:\WINDOWS\SYSTEM32\dbgcore.DLL
0x00007ffba45f0000 - 0x00007ffba4695000 	C:\WINDOWS\System32\bcryptPrimitives.dll
0x00007ffb9ecf0000 - 0x00007ffb9ecff000 	C:\Program Files\Java\jdk-21\bin\instrument.dll
0x00007ffb5ebd0000 - 0x00007ffb5ebef000 	C:\Program Files\Java\jdk-21\bin\java.dll
0x00007ffba60a0000 - 0x00007ffba6801000 	C:\WINDOWS\System32\SHELL32.dll
0x00007ffba4080000 - 0x00007ffba41ea000 	C:\WINDOWS\System32\wintypes.dll
0x00007ffba34b0000 - 0x00007ffba3d16000 	C:\WINDOWS\System32\windows.storage.dll
0x00007ffba5bd0000 - 0x00007ffba5cc8000 	C:\WINDOWS\System32\SHCORE.dll
0x00007ffba52a0000 - 0x00007ffba5307000 	C:\WINDOWS\System32\shlwapi.dll
0x00007ffba33d0000 - 0x00007ffba33f8000 	C:\WINDOWS\SYSTEM32\profapi.dll
0x00007ffb16ed0000 - 0x00007ffb16fa7000 	C:\Program Files\Java\jdk-21\bin\jsvml.dll
0x00007ffb56590000 - 0x00007ffb565a8000 	C:\Program Files\Java\jdk-21\bin\zip.dll
0x00007ffb7c500000 - 0x00007ffb7c510000 	C:\Program Files\Java\jdk-21\bin\net.dll
0x00007ffb9b940000 - 0x00007ffb9ba67000 	C:\WINDOWS\SYSTEM32\WINHTTP.dll
0x00007ffba27c0000 - 0x00007ffba282b000 	C:\WINDOWS\system32\mswsock.dll
0x00007ffb59490000 - 0x00007ffb594a6000 	C:\Program Files\Java\jdk-21\bin\nio.dll
0x00007ffb73150000 - 0x00007ffb73160000 	C:\Program Files\Java\jdk-21\bin\verify.dll
0x00007ffb91540000 - 0x00007ffb91567000 	C:\Users\Elsobky\.gradle\native\1def1411415f61bf3af743bc5b6707747c0891f09f0c88961ee8f79bc544acac\windows-amd64\native-platform.dll
0x00007ffb16780000 - 0x00007ffb167f7000 	C:\Users\Elsobky\.gradle\native\0.2.8\x86_64-windows-gnu\gradle-fileevents.dll
0x00007ffb759b0000 - 0x00007ffb759ba000 	C:\Program Files\Java\jdk-21\bin\management.dll
0x00007ffb75020000 - 0x00007ffb7502b000 	C:\Program Files\Java\jdk-21\bin\management_ext.dll
0x00007ffba5e40000 - 0x00007ffba5e48000 	C:\WINDOWS\System32\PSAPI.DLL
0x00007ffba1c00000 - 0x00007ffba1c34000 	C:\WINDOWS\SYSTEM32\IPHLPAPI.DLL
0x00007ffba5e50000 - 0x00007ffba5e5a000 	C:\WINDOWS\System32\NSI.dll
0x00007ffb9ed80000 - 0x00007ffb9ed89000 	C:\Program Files\Java\jdk-21\bin\extnet.dll
0x00007ffba2a90000 - 0x00007ffba2aab000 	C:\WINDOWS\SYSTEM32\CRYPTSP.dll
0x00007ffba21b0000 - 0x00007ffba21e9000 	C:\WINDOWS\system32\rsaenh.dll
0x00007ffba2870000 - 0x00007ffba28a2000 	C:\WINDOWS\SYSTEM32\USERENV.dll
0x00007ffba33a0000 - 0x00007ffba33ca000 	C:\WINDOWS\SYSTEM32\bcrypt.dll
0x00007ffba2ab0000 - 0x00007ffba2abc000 	C:\WINDOWS\SYSTEM32\CRYPTBASE.dll
0x00007ffb9ece0000 - 0x00007ffb9ecee000 	C:\Program Files\Java\jdk-21\bin\sunmscapi.dll
0x00007ffba46a0000 - 0x00007ffba4817000 	C:\WINDOWS\System32\CRYPT32.dll
0x00007ffba2cb0000 - 0x00007ffba2ce0000 	C:\WINDOWS\SYSTEM32\ncrypt.dll
0x00007ffba2c60000 - 0x00007ffba2c9f000 	C:\WINDOWS\SYSTEM32\NTASN1.dll
0x00007ffb5e6b0000 - 0x00007ffb5e6b8000 	C:\WINDOWS\system32\wshunix.dll
0x00007ffba2370000 - 0x00007ffba23a6000 	C:\WINDOWS\SYSTEM32\ntmarta.dll
0x00007ffb72e20000 - 0x00007ffb72e27000 	C:\Program Files\Java\jdk-21\bin\rmi.dll

dbghelp: loaded successfully - version: 4.0.5 - missing functions: none
symbol engine: initialized successfully - sym options: 0x614 - pdb path: .;C:\Program Files\Java\jdk-21\bin;C:\WINDOWS\SYSTEM32;C:\WINDOWS\WinSxS\amd64_microsoft.windows.common-controls_6595b64144ccf1df_6.0.26100.7724_none_3e0870d6e3345411;C:\Program Files\Java\jdk-21\bin\server;C:\Users\Elsobky\.gradle\native\1def1411415f61bf3af743bc5b6707747c0891f09f0c88961ee8f79bc544acac\windows-amd64;C:\Users\Elsobky\.gradle\native\0.2.8\x86_64-windows-gnu

VM Arguments:
jvm_args: --add-opens=java.base/java.lang=ALL-UNNAMED --add-opens=java.base/java.lang.invoke=ALL-UNNAMED --add-opens=java.base/java.util=ALL-UNNAMED --add-opens=java.prefs/java.util.prefs=ALL-UNNAMED --add-exports=jdk.compiler/com.sun.tools.javac.api=ALL-UNNAMED --add-exports=jdk.compiler/com.sun.tools.javac.util=ALL-UNNAMED --add-opens=java.base/java.util=ALL-UNNAMED --add-opens=java.prefs/java.util.prefs=ALL-UNNAMED --add-opens=java.base/java.nio.charset=ALL-UNNAMED --add-opens=java.base/java.net=ALL-UNNAMED --add-opens=java.base/java.util.concurrent=ALL-UNNAMED --add-opens=java.base/java.util.concurrent.atomic=ALL-UNNAMED --add-opens=java.xml/javax.xml.namespace=ALL-UNNAMED --add-opens=java.base/java.time=ALL-UNNAMED -Xmx2048m -Dfile.encoding=UTF-8 -Duser.country=US -Duser.language=en -Duser.variant -javaagent:C:\Users\Elsobky\.gradle\wrapper\dists\gradle-9.1.0-bin\9agqghryom9wkf8r80qlhnts3\gradle-9.1.0\lib\agents\gradle-instrumentation-agent-9.1.0.jar 
java_command: org.gradle.launcher.daemon.bootstrap.GradleDaemon 9.1.0
java_class_path (initial): C:\Users\Elsobky\.gradle\wrapper\dists\gradle-9.1.0-bin\9agqghryom9wkf8r80qlhnts3\gradle-9.1.0\lib\gradle-daemon-main-9.1.0.jar
Launcher Type: SUN_STANDARD

[Global flags]
     intx CICompilerCount                          = 12                                        {product} {ergonomic}
     uint ConcGCThreads                            = 3                                         {product} {ergonomic}
     uint G1ConcRefinementThreads                  = 13                                        {product} {ergonomic}
   size_t G1HeapRegionSize                         = 1048576                                   {product} {ergonomic}
    uintx GCDrainStackTargetSize                   = 64                                        {product} {ergonomic}
   size_t InitialHeapSize                          = 257949696                                 {product} {ergonomic}
   size_t MarkStackSize                            = 4194304                                   {product} {ergonomic}
   size_t MaxHeapSize                              = 2147483648                                {product} {command line}
   size_t MaxNewSize                               = 1287651328                                {product} {ergonomic}
   size_t MinHeapDeltaBytes                        = 1048576                                   {product} {ergonomic}
   size_t MinHeapSize                              = 8388608                                   {product} {ergonomic}
    uintx NonNMethodCodeHeapSize                   = 7602480                                {pd product} {ergonomic}
    uintx NonProfiledCodeHeapSize                  = 122027880                              {pd product} {ergonomic}
    uintx ProfiledCodeHeapSize                     = 122027880                              {pd product} {ergonomic}
    uintx ReservedCodeCacheSize                    = 251658240                              {pd product} {ergonomic}
     bool SegmentedCodeCache                       = true                                      {product} {ergonomic}
   size_t SoftMaxHeapSize                          = 2147483648                             {manageable} {ergonomic}
     bool UseCompressedOops                        = true                           {product lp64_product} {ergonomic}
     bool UseG1GC                                  = true                                      {product} {ergonomic}
     bool UseLargePagesIndividualAllocation        = false                                  {pd product} {ergonomic}

Logging:
Log output configuration:
 #0: stdout all=warning uptime,level,tags foldmultilines=false
 #1: stderr all=off uptime,level,tags foldmultilines=false

Environment Variables:
JAVA_HOME=C:\Program Files\Java\jdk-21
PATH=C:\Program Files\Common Files\Oracle\Java\javapath;C:\Program Files (x86)\Common Files\Oracle\Java\javapath;C:\Program Files\Eclipse Foundation\jdk-8.0.302.8-hotspot\bin;C:\Windows\system32;C:\Windows;C:\Windows\System32\Wbem;C:\Windows\System32\WindowsPowerShell\v1.0\;C:\Windows\System32\OpenSSH\;C:\WINDOWS\system32;C:\WINDOWS;C:\WINDOWS\System32\Wbem;C:\WINDOWS\System32\WindowsPowerShell\v1.0\;C:\WINDOWS\System32\OpenSSH\;C:\MinGW\bin;C:\Program Files\dotnet\;C:\ProgramData\chocolatey\bin;C:\Program Files (x86)\Microsoft SQL Server\150\DTS\Binn\;C:\Program Files\Microsoft SQL Server\Client SDK\ODBC\130\Tools\Binn\;C:\Program Files (x86)\Microsoft SQL Server\140\Tools\Binn\;C:\Program Files\Microsoft SQL Server\140\Tools\Binn\;C:\Program Files\Microsoft SQL Server\140\DTS\Binn\;C:\Program Files (x86)\NVIDIA Corporation\PhysX\Common;C:\Program Files\nodejs\;C:\Program Files\playit_gg\bin\;C:\Program Files\NVIDIA Corporation\NVIDIA app\NvDLISR;c:\Users\Elsobky\AppData\Local\Programs\cursor\resources\app\bin;C:\WINDOWS\system32;C:\WINDOWS;C:\WINDOWS\System32\Wbem;C:\WINDOWS\System32\WindowsPowerShell\v1.0\;C:\WINDOWS\System32\OpenSSH\;C:\Program Files\Git\cmd;C:\platform-tools;C:\Program Files (x86)\Windows Kits\10\Windows Performance Toolkit\;C:\Program Files\Cloudflare\Cloudflare WARP\;C:\Users\Elsobky\AppData\Local\Programs\Python\Python313\Scripts\;C:\Users\Elsobky\AppData\Local\Programs\Python\Python313\;C:\Users\Elsobky\AppData\Local\Programs\Python\Python310\Scripts\;C:\Users\Elsobky\AppData\Local\Programs\Python\Python310\;C:\Program Files\aircrack-ng-1.6-win\aircrack-ng-1.6-win\bin;C:\MinGW\bin;C:\Users\Elsobky\AppData\Local\Microsoft\WindowsApps;C:\Users\Elsobky\AppData\Local\Programs\Microsoft VS Code\bin;C:\src\flutter\bin;C:\Users\Elsobky\.dotnet\tools;C:\tools\dart-sdk\bin;C:\Users\Elsobky\AppData\Roaming\Pub\Cache\bin;C:\Users\Elsobky\AppData\Local\GitHubDesktop\bin;C:\Users\Elsobky\AppData\Roaming\npm;C:\Program Files (x86)\Nmap;C:\ffmpeg\ffmpeg-2024-11-18-git-970d57988d-full_build\bin;C:\Users\Elsobky\AppData\Local\Programs\Ollama;C:\Users\Elsobky\.lmstudio\bin;C:\Users\Elsobky\AppData\Local\Programs\cursor\resources\app\bin;C:\Users\Elsobky\AppData\Local\Microsoft\WindowsApps;C:\Users\Elsobky\AppData\Local\spicetify;C:\Users\Elsobky\AppData\Local\JetBrains\Toolbox\scripts;C:\Users\Elsobky\AppData\Local\PowerToys\DSCModules\
USERNAME=Elsobky
OS=Windows_NT
PROCESSOR_IDENTIFIER=AMD64 Family 23 Model 96 Stepping 1, AuthenticAMD
TMP=C:\Users\Elsobky\AppData\Local\Temp
TEMP=C:\Users\Elsobky\AppData\Local\Temp




Periodic native trim disabled

---------------  S Y S T E M  ---------------

OS:
 Windows 11 , 64 bit Build 26100 (10.0.26100.7724)
OS uptime: 0 days 8:10 hours
Hyper-V role detected

CPU: total 16 (initial active 16) (16 cores per cpu, 2 threads per core) family 23 model 96 stepping 1 microcode 0x8600104, cx8, cmov, fxsr, ht, mmx, 3dnowpref, sse, sse2, sse3, ssse3, sse4a, sse4.1, sse4.2, popcnt, lzcnt, tsc, tscinvbit, avx, avx2, aes, clmul, bmi1, bmi2, adx, sha, fma, vzeroupper, clflush, clflushopt, hv, rdtscp, rdpid, f16c
Processor Information for all 16 processors :
  Max Mhz: 2900, Current Mhz: 2900, Mhz Limit: 2900

Memory: 4k page, system-wide physical 15741M (1166M free)
TotalPageFile size 23933M (AvailPageFile size 46M)
current process WorkingSet (physical memory assigned to process): 1341M, peak: 1370M
current process commit charge ("private bytes"): 1614M, peak: 1651M

vm_info: Java HotSpot(TM) 64-Bit Server VM (21.0.8+12-LTS-250) for windows-amd64 JRE (21.0.8+12-LTS-250), built on 2025-06-27T08:11:22Z by "mach5one" with MS VC++ 17.6 (VS2022)

END.
